"","Well","MST_sample_number","spcabbr","conc_copies_per_uL","Accepted_Droplets","Positives","Negatives","Tot_drop","init_concentration","ddpcrno","Bemaerkn","conc_qubit_ng_uL","Dato.for.ekstraktion","dato_80C","Dato_for_indsml","Dato_inds","Dyb_lagd01","Dyb_Str_m","Ekstraktionsnummer","Elueringvolumen.AE.buffer.uL","Inst","lokalitet_vanda","Lok_omr01","lok_pos_lat","lok_pos_lon","max_Dyb","MST.nummer","MST.n_Dinds","MSTno_di","MST_STEXno","Navn_Inds","Noter2","skib","smplNoSTEX","Sub_Nmb_for_extraction","Temp_Inds","U_Pr_Nr","vandsoejllagd","Vwf_mL","wdt","smpl_day","smpl_mnt","smpl_yea","Total_drop","Species","WellType","Conc","st_idx","species_idx","sp_st_idx","pres"
"1","A01","std_5E5","Myaare",1e+06,19718,19718,0,19718,5e+05,"ddpcr0015",NA,NA,NA,NA,NA,NA,NA,NA,NA,NA,NA,NA,NA,NA,NA,NA,NA,NA,NA,NA,NA,NA,NA,NA,NA,NA,NA,NA,NA,NA,NA,NA,NA,19718,"Myaare","Standard",1e+06,8,13,85,1
"2","B01","std_5E4","Myaare",2513.05859375,19752,17419,2333,19752,50000,"ddpcr0015",NA,NA,NA,NA,NA,NA,NA,NA,NA,NA,NA,NA,NA,NA,NA,NA,NA,NA,NA,NA,NA,NA,NA,NA,NA,NA,NA,NA,NA,NA,NA,NA,NA,19752,"Myaare","Standard",2513.05859375,7,13,84,1
"3","C01","std_5E3","Myaare",239.106155395508,19960,3671,16289,19960,5000,"ddpcr0015",NA,NA,NA,NA,NA,NA,NA,NA,NA,NA,NA,NA,NA,NA,NA,NA,NA,NA,NA,NA,NA,NA,NA,NA,NA,NA,NA,NA,NA,NA,NA,NA,NA,19960,"Myaare","Standard",239.106155395508,6,13,83,1
"4","D01","std_5E2","Myaare",22.6547298431396,19295,368,18927,19295,500,"ddpcr0015",NA,NA,NA,NA,NA,NA,NA,NA,NA,NA,NA,NA,NA,NA,NA,NA,NA,NA,NA,NA,NA,NA,NA,NA,NA,NA,NA,NA,NA,NA,NA,NA,NA,19295,"Myaare","Standard",22.6547298431396,5,13,82,1
"5","E01","std_5E1","Myaare",2.11666178703308,19471,35,19436,19471,50,"ddpcr0015",NA,NA,NA,NA,NA,NA,NA,NA,NA,NA,NA,NA,NA,NA,NA,NA,NA,NA,NA,NA,NA,NA,NA,NA,NA,NA,NA,NA,NA,NA,NA,NA,NA,19471,"Myaare","Standard",2.11666178703308,4,13,81,1
"6","F01","std_5E0","Myaare",7.33717775344849,19623,122,19501,19623,5,"ddpcr0015",NA,NA,NA,NA,NA,NA,NA,NA,NA,NA,NA,NA,NA,NA,NA,NA,NA,NA,NA,NA,NA,NA,NA,NA,NA,NA,NA,NA,NA,NA,NA,NA,NA,19623,"Myaare","Standard",7.33717775344849,3,13,80,1
"7","G01","std_5E-1","Myaare",1.02893888950348,19446,17,19429,19446,0.5,"ddpcr0015",NA,NA,NA,NA,NA,NA,NA,NA,NA,NA,NA,NA,NA,NA,NA,NA,NA,NA,NA,NA,NA,NA,NA,NA,NA,NA,NA,NA,NA,NA,NA,NA,NA,19446,"Myaare","Standard",1.02893888950348,2,13,79,1
"8","A01","std_5E5","Mnelei",1e+06,16709,16709,0,16709,5e+05,"ddpcr0017",NA,NA,NA,NA,NA,NA,NA,NA,NA,NA,NA,NA,NA,NA,NA,NA,NA,NA,NA,NA,NA,NA,NA,NA,NA,NA,NA,NA,NA,NA,NA,NA,NA,16709,"Mnelei","Standard",1e+06,8,12,78,1
"9","B01","std_5E4","Mnelei",1223.12866210938,18559,11997,6562,18559,50000,"ddpcr0017",NA,NA,NA,NA,NA,NA,NA,NA,NA,NA,NA,NA,NA,NA,NA,NA,NA,NA,NA,NA,NA,NA,NA,NA,NA,NA,NA,NA,NA,NA,NA,NA,NA,18559,"Mnelei","Standard",1223.12866210938,7,12,77,1
"10","C01","std_5E3","Mnelei",110.291603088379,18036,1614,16422,18036,5000,"ddpcr0017",NA,NA,NA,NA,NA,NA,NA,NA,NA,NA,NA,NA,NA,NA,NA,NA,NA,NA,NA,NA,NA,NA,NA,NA,NA,NA,NA,NA,NA,NA,NA,NA,NA,18036,"Mnelei","Standard",110.291603088379,6,12,76,1
"11","D01","std_5E2","Mnelei",11.9505968093872,18107,183,17924,18107,500,"ddpcr0017",NA,NA,NA,NA,NA,NA,NA,NA,NA,NA,NA,NA,NA,NA,NA,NA,NA,NA,NA,NA,NA,NA,NA,NA,NA,NA,NA,NA,NA,NA,NA,NA,NA,18107,"Mnelei","Standard",11.9505968093872,5,12,75,1
"12","E01","std_5E1","Mnelei",1.13924419879913,17564,17,17547,17564,50,"ddpcr0017",NA,NA,NA,NA,NA,NA,NA,NA,NA,NA,NA,NA,NA,NA,NA,NA,NA,NA,NA,NA,NA,NA,NA,NA,NA,NA,NA,NA,NA,NA,NA,NA,NA,17564,"Mnelei","Standard",1.13924419879913,4,12,74,1
"13","F01","std_5E0","Mnelei",0.29102548956871,16172,4,16168,16172,5,"ddpcr0017",NA,NA,NA,NA,NA,NA,NA,NA,NA,NA,NA,NA,NA,NA,NA,NA,NA,NA,NA,NA,NA,NA,NA,NA,NA,NA,NA,NA,NA,NA,NA,NA,NA,16172,"Mnelei","Standard",0.29102548956871,3,12,73,1
"14","G01","std_5E-1","Mnelei",0,15776,0,15776,15776,0.5,"ddpcr0017",NA,NA,NA,NA,NA,NA,NA,NA,NA,NA,NA,NA,NA,NA,NA,NA,NA,NA,NA,NA,NA,NA,NA,NA,NA,NA,NA,NA,NA,NA,NA,NA,NA,15776,"Mnelei","Standard",0,2,12,72,0
"15","A01","std_5E5","Cragig",7568.0888671875,15549,15524,25,15549,5e+05,"ddpcr0018",NA,NA,NA,NA,NA,NA,NA,NA,NA,NA,NA,NA,NA,NA,NA,NA,NA,NA,NA,NA,NA,NA,NA,NA,NA,NA,NA,NA,NA,NA,NA,NA,NA,15549,"Cragig","Standard",7568.0888671875,8,6,42,1
"16","B01","std_5E4","Cragig",1415.64965820313,13914,9737,4177,13914,50000,"ddpcr0018",NA,NA,NA,NA,NA,NA,NA,NA,NA,NA,NA,NA,NA,NA,NA,NA,NA,NA,NA,NA,NA,NA,NA,NA,NA,NA,NA,NA,NA,NA,NA,NA,NA,13914,"Cragig","Standard",1415.64965820313,7,6,41,1
"17","C01","std_5E3","Cragig",134.698959350586,15557,1683,13874,15557,5000,"ddpcr0018",NA,NA,NA,NA,NA,NA,NA,NA,NA,NA,NA,NA,NA,NA,NA,NA,NA,NA,NA,NA,NA,NA,NA,NA,NA,NA,NA,NA,NA,NA,NA,NA,NA,15557,"Cragig","Standard",134.698959350586,6,6,40,1
"18","D01","std_5E2","Cragig",11.5742712020874,13279,130,13149,13279,500,"ddpcr0018",NA,NA,NA,NA,NA,NA,NA,NA,NA,NA,NA,NA,NA,NA,NA,NA,NA,NA,NA,NA,NA,NA,NA,NA,NA,NA,NA,NA,NA,NA,NA,NA,NA,13279,"Cragig","Standard",11.5742712020874,5,6,39,1
"19","E01","std_5E1","Cragig",1.06268715858459,15506,14,15492,15506,50,"ddpcr0018",NA,NA,NA,NA,NA,NA,NA,NA,NA,NA,NA,NA,NA,NA,NA,NA,NA,NA,NA,NA,NA,NA,NA,NA,NA,NA,NA,NA,NA,NA,NA,NA,NA,15506,"Cragig","Standard",1.06268715858459,4,6,38,1
"20","F01","std_5E0","Cragig",0,15599,0,15599,15599,5,"ddpcr0018",NA,NA,NA,NA,NA,NA,NA,NA,NA,NA,NA,NA,NA,NA,NA,NA,NA,NA,NA,NA,NA,NA,NA,NA,NA,NA,NA,NA,NA,NA,NA,NA,NA,15599,"Cragig","Standard",0,3,6,37,0
"21","G01","std_5E-1","Cragig",0,14788,0,14788,14788,0.5,"ddpcr0018",NA,NA,NA,NA,NA,NA,NA,NA,NA,NA,NA,NA,NA,NA,NA,NA,NA,NA,NA,NA,NA,NA,NA,NA,NA,NA,NA,NA,NA,NA,NA,NA,NA,14788,"Cragig","Standard",0,2,6,36,0
"22","A01","std_5E5","Karmik",8108.990234375,12805,12792,13,12805,5e+05,"ddpcr0019",NA,NA,NA,NA,NA,NA,NA,NA,NA,NA,NA,NA,NA,NA,NA,NA,NA,NA,NA,NA,NA,NA,NA,NA,NA,NA,NA,NA,NA,NA,NA,NA,NA,12805,"Karmik","Standard",8108.990234375,8,11,71,1
"23","B01","std_5E4","Karmik",751.454833984375,14253,6728,7525,14253,50000,"ddpcr0019",NA,NA,NA,NA,NA,NA,NA,NA,NA,NA,NA,NA,NA,NA,NA,NA,NA,NA,NA,NA,NA,NA,NA,NA,NA,NA,NA,NA,NA,NA,NA,NA,NA,14253,"Karmik","Standard",751.454833984375,7,11,70,1
"24","C01","std_5E3","Karmik",66.8757171630859,12360,683,11677,12360,5000,"ddpcr0019",NA,NA,NA,NA,NA,NA,NA,NA,NA,NA,NA,NA,NA,NA,NA,NA,NA,NA,NA,NA,NA,NA,NA,NA,NA,NA,NA,NA,NA,NA,NA,NA,NA,12360,"Karmik","Standard",66.8757171630859,6,11,69,1
"25","D01","std_5E2","Karmik",5.75292348861694,13940,68,13872,13940,500,"ddpcr0019",NA,NA,NA,NA,NA,NA,NA,NA,NA,NA,NA,NA,NA,NA,NA,NA,NA,NA,NA,NA,NA,NA,NA,NA,NA,NA,NA,NA,NA,NA,NA,NA,NA,13940,"Karmik","Standard",5.75292348861694,5,11,68,1
"26","E01","std_5E1","Karmik",0.711551070213318,14885,9,14876,14885,50,"ddpcr0019",NA,NA,NA,NA,NA,NA,NA,NA,NA,NA,NA,NA,NA,NA,NA,NA,NA,NA,NA,NA,NA,NA,NA,NA,NA,NA,NA,NA,NA,NA,NA,NA,NA,14885,"Karmik","Standard",0.711551070213318,4,11,67,1
"27","F01","std_5E0","Karmik",0.0818101316690445,14381,1,14380,14381,5,"ddpcr0019",NA,NA,NA,NA,NA,NA,NA,NA,NA,NA,NA,NA,NA,NA,NA,NA,NA,NA,NA,NA,NA,NA,NA,NA,NA,NA,NA,NA,NA,NA,NA,NA,NA,14381,"Karmik","Standard",0.0818101316690445,3,11,66,1
"28","G01","std_5E-1","Karmik",0,14389,0,14389,14389,0.5,"ddpcr0019",NA,NA,NA,NA,NA,NA,NA,NA,NA,NA,NA,NA,NA,NA,NA,NA,NA,NA,NA,NA,NA,NA,NA,NA,NA,NA,NA,NA,NA,NA,NA,NA,NA,14389,"Karmik","Standard",0,2,11,65,0
"29","A01","std_5E5","Bonham",1e+06,16412,16412,0,16412,5e+05,"ddpcr0021",NA,NA,NA,NA,NA,NA,NA,NA,NA,NA,NA,NA,NA,NA,NA,NA,NA,NA,NA,NA,NA,NA,NA,NA,NA,NA,NA,NA,NA,NA,NA,NA,NA,16412,"Bonham","Standard",1e+06,8,1,7,1
"30","B01","std_5E4","Bonham",1479.57019042969,17079,12223,4856,17079,50000,"ddpcr0021",NA,NA,NA,NA,NA,NA,NA,NA,NA,NA,NA,NA,NA,NA,NA,NA,NA,NA,NA,NA,NA,NA,NA,NA,NA,NA,NA,NA,NA,NA,NA,NA,NA,17079,"Bonham","Standard",1479.57019042969,7,1,6,1
"31","C01","std_5E3","Bonham",158.949859619141,17962,2270,15692,17962,5000,"ddpcr0021",NA,NA,NA,NA,NA,NA,NA,NA,NA,NA,NA,NA,NA,NA,NA,NA,NA,NA,NA,NA,NA,NA,NA,NA,NA,NA,NA,NA,NA,NA,NA,NA,NA,17962,"Bonham","Standard",158.949859619141,6,1,5,1
"32","D01","std_5E2","Bonham",13.1957635879517,19814,221,19593,19814,500,"ddpcr0021",NA,NA,NA,NA,NA,NA,NA,NA,NA,NA,NA,NA,NA,NA,NA,NA,NA,NA,NA,NA,NA,NA,NA,NA,NA,NA,NA,NA,NA,NA,NA,NA,NA,19814,"Bonham","Standard",13.1957635879517,5,1,4,1
"33","E01","std_5E1","Bonham",1.68454015254974,19569,28,19541,19569,50,"ddpcr0021",NA,NA,NA,NA,NA,NA,NA,NA,NA,NA,NA,NA,NA,NA,NA,NA,NA,NA,NA,NA,NA,NA,NA,NA,NA,NA,NA,NA,NA,NA,NA,NA,NA,19569,"Bonham","Standard",1.68454015254974,4,1,3,1
"34","F01","std_5E0","Bonham",0.120564721524715,19517,2,19515,19517,5,"ddpcr0021",NA,NA,NA,NA,NA,NA,NA,NA,NA,NA,NA,NA,NA,NA,NA,NA,NA,NA,NA,NA,NA,NA,NA,NA,NA,NA,NA,NA,NA,NA,NA,NA,NA,19517,"Bonham","Standard",0.120564721524715,3,1,2,1
"35","G01","std_5E-1","Bonham",0,19364,0,19364,19364,0.5,"ddpcr0021",NA,NA,NA,NA,NA,NA,NA,NA,NA,NA,NA,NA,NA,NA,NA,NA,NA,NA,NA,NA,NA,NA,NA,NA,NA,NA,NA,NA,NA,NA,NA,NA,NA,19364,"Bonham","Standard",0,2,1,1,0
"36","A01","std_5E5","Calsap",1e+06,17169,17169,0,17169,5e+05,"ddpcr0022",NA,NA,NA,NA,NA,NA,NA,NA,NA,NA,NA,NA,NA,NA,NA,NA,NA,NA,NA,NA,NA,NA,NA,NA,NA,NA,NA,NA,NA,NA,NA,NA,NA,17169,"Calsap","Standard",1e+06,8,2,14,1
"37","B01","std_5E4","Calsap",1104.17041015625,17766,10816,6950,17766,50000,"ddpcr0022",NA,NA,NA,NA,NA,NA,NA,NA,NA,NA,NA,NA,NA,NA,NA,NA,NA,NA,NA,NA,NA,NA,NA,NA,NA,NA,NA,NA,NA,NA,NA,NA,NA,17766,"Calsap","Standard",1104.17041015625,7,2,13,1
"38","C01","std_5E3","Calsap",132.248840332031,16478,1752,14726,16478,5000,"ddpcr0022",NA,NA,NA,NA,NA,NA,NA,NA,NA,NA,NA,NA,NA,NA,NA,NA,NA,NA,NA,NA,NA,NA,NA,NA,NA,NA,NA,NA,NA,NA,NA,NA,NA,16478,"Calsap","Standard",132.248840332031,6,2,12,1
"39","D01","std_5E2","Calsap",11.6470079421997,17866,176,17690,17866,500,"ddpcr0022",NA,NA,NA,NA,NA,NA,NA,NA,NA,NA,NA,NA,NA,NA,NA,NA,NA,NA,NA,NA,NA,NA,NA,NA,NA,NA,NA,NA,NA,NA,NA,NA,NA,17866,"Calsap","Standard",11.6470079421997,5,2,11,1
"40","E01","std_5E1","Calsap",1.33881843090057,18464,21,18443,18464,50,"ddpcr0022",NA,NA,NA,NA,NA,NA,NA,NA,NA,NA,NA,NA,NA,NA,NA,NA,NA,NA,NA,NA,NA,NA,NA,NA,NA,NA,NA,NA,NA,NA,NA,NA,NA,18464,"Calsap","Standard",1.33881843090057,4,2,10,1
"41","F01","std_5E0","Calsap",0,17296,0,17296,17296,5,"ddpcr0022",NA,NA,NA,NA,NA,NA,NA,NA,NA,NA,NA,NA,NA,NA,NA,NA,NA,NA,NA,NA,NA,NA,NA,NA,NA,NA,NA,NA,NA,NA,NA,NA,NA,17296,"Calsap","Standard",0,3,2,9,0
"42","G01","std_5E-1","Calsap",0,17328,0,17328,17328,0.5,"ddpcr0022",NA,NA,NA,NA,NA,NA,NA,NA,NA,NA,NA,NA,NA,NA,NA,NA,NA,NA,NA,NA,NA,NA,NA,NA,NA,NA,NA,NA,NA,NA,NA,NA,NA,17328,"Calsap","Standard",0,2,2,8,0
"43","A01","std_5E5","Psefar",1e+06,18495,18495,0,18495,5e+05,"ddpcr0023",NA,NA,NA,NA,NA,NA,NA,NA,NA,NA,NA,NA,NA,NA,NA,NA,NA,NA,NA,NA,NA,NA,NA,NA,NA,NA,NA,NA,NA,NA,NA,NA,NA,18495,"Psefar","Standard",1e+06,8,16,106,1
"44","B01","std_5E4","Psefar",1743.36169433594,17402,13448,3954,17402,50000,"ddpcr0023",NA,NA,NA,NA,NA,NA,NA,NA,NA,NA,NA,NA,NA,NA,NA,NA,NA,NA,NA,NA,NA,NA,NA,NA,NA,NA,NA,NA,NA,NA,NA,NA,NA,17402,"Psefar","Standard",1743.36169433594,7,16,105,1
"45","C01","std_5E3","Psefar",151.319473266602,18808,2270,16538,18808,5000,"ddpcr0023",NA,NA,NA,NA,NA,NA,NA,NA,NA,NA,NA,NA,NA,NA,NA,NA,NA,NA,NA,NA,NA,NA,NA,NA,NA,NA,NA,NA,NA,NA,NA,NA,NA,18808,"Psefar","Standard",151.319473266602,6,16,104,1
"46","D01","std_5E2","Psefar",13.6496906280518,18812,217,18595,18812,500,"ddpcr0023",NA,NA,NA,NA,NA,NA,NA,NA,NA,NA,NA,NA,NA,NA,NA,NA,NA,NA,NA,NA,NA,NA,NA,NA,NA,NA,NA,NA,NA,NA,NA,NA,NA,18812,"Psefar","Standard",13.6496906280518,5,16,103,1
"47","E01","std_5E1","Psefar",1.40060007572174,17650,21,17629,17650,50,"ddpcr0023",NA,NA,NA,NA,NA,NA,NA,NA,NA,NA,NA,NA,NA,NA,NA,NA,NA,NA,NA,NA,NA,NA,NA,NA,NA,NA,NA,NA,NA,NA,NA,NA,NA,17650,"Psefar","Standard",1.40060007572174,4,16,102,1
"48","F01","std_5E0","Psefar",0,17927,0,17927,17927,5,"ddpcr0023",NA,NA,NA,NA,NA,NA,NA,NA,NA,NA,NA,NA,NA,NA,NA,NA,NA,NA,NA,NA,NA,NA,NA,NA,NA,NA,NA,NA,NA,NA,NA,NA,NA,17927,"Psefar","Standard",0,3,16,101,0
"49","G01","std_5E-1","Psefar",0,17513,0,17513,17513,0.5,"ddpcr0023",NA,NA,NA,NA,NA,NA,NA,NA,NA,NA,NA,NA,NA,NA,NA,NA,NA,NA,NA,NA,NA,NA,NA,NA,NA,NA,NA,NA,NA,NA,NA,NA,NA,17513,"Psefar","Standard",0,2,16,100,0
"50","A01","std_5E5","Psever",1e+06,12696,12696,0,12696,5e+05,"ddpcr0024",NA,NA,NA,NA,NA,NA,NA,NA,NA,NA,NA,NA,NA,NA,NA,NA,NA,NA,NA,NA,NA,NA,NA,NA,NA,NA,NA,NA,NA,NA,NA,NA,NA,12696,"Psever","Standard",1e+06,8,17,113,1
"51","B01","std_5E4","Psever",1716.13806152344,11723,8997,2726,11723,50000,"ddpcr0024",NA,NA,NA,NA,NA,NA,NA,NA,NA,NA,NA,NA,NA,NA,NA,NA,NA,NA,NA,NA,NA,NA,NA,NA,NA,NA,NA,NA,NA,NA,NA,NA,NA,11723,"Psever","Standard",1716.13806152344,7,17,112,1
"52","C01","std_5E3","Psever",172.116760253906,12454,1695,10759,12454,5000,"ddpcr0024",NA,NA,NA,NA,NA,NA,NA,NA,NA,NA,NA,NA,NA,NA,NA,NA,NA,NA,NA,NA,NA,NA,NA,NA,NA,NA,NA,NA,NA,NA,NA,NA,NA,12454,"Psever","Standard",172.116760253906,6,17,111,1
"53","D01","std_5E2","Psever",15.2497501373291,15219,196,15023,15219,500,"ddpcr0024",NA,NA,NA,NA,NA,NA,NA,NA,NA,NA,NA,NA,NA,NA,NA,NA,NA,NA,NA,NA,NA,NA,NA,NA,NA,NA,NA,NA,NA,NA,NA,NA,NA,15219,"Psever","Standard",15.2497501373291,5,17,110,1
"54","E01","std_5E1","Psever",1.55914282798767,12081,16,12065,12081,50,"ddpcr0024",NA,NA,NA,NA,NA,NA,NA,NA,NA,NA,NA,NA,NA,NA,NA,NA,NA,NA,NA,NA,NA,NA,NA,NA,NA,NA,NA,NA,NA,NA,NA,NA,NA,12081,"Psever","Standard",1.55914282798767,4,17,109,1
"55","F01","std_5E0","Psever",0.171334832906723,13734,2,13732,13734,5,"ddpcr0024",NA,NA,NA,NA,NA,NA,NA,NA,NA,NA,NA,NA,NA,NA,NA,NA,NA,NA,NA,NA,NA,NA,NA,NA,NA,NA,NA,NA,NA,NA,NA,NA,NA,13734,"Psever","Standard",0.171334832906723,3,17,108,1
"56","G01","std_5E-1","Psever",0.0895778387784958,13134,1,13133,13134,0.5,"ddpcr0024",NA,NA,NA,NA,NA,NA,NA,NA,NA,NA,NA,NA,NA,NA,NA,NA,NA,NA,NA,NA,NA,NA,NA,NA,NA,NA,NA,NA,NA,NA,NA,NA,NA,13134,"Psever","Standard",0.0895778387784958,2,17,107,1
"57","A01","std_5E5","Hemsan",8551.943359375,17224,17212,12,17224,5e+05,"ddpcr0025",NA,NA,NA,NA,NA,NA,NA,NA,NA,NA,NA,NA,NA,NA,NA,NA,NA,NA,NA,NA,NA,NA,NA,NA,NA,NA,NA,NA,NA,NA,NA,NA,NA,17224,"Hemsan","Standard",8551.943359375,8,8,56,1
"58","B01","std_5E4","Hemsan",959.890258789063,17979,10028,7951,17979,50000,"ddpcr0025",NA,NA,NA,NA,NA,NA,NA,NA,NA,NA,NA,NA,NA,NA,NA,NA,NA,NA,NA,NA,NA,NA,NA,NA,NA,NA,NA,NA,NA,NA,NA,NA,NA,17979,"Hemsan","Standard",959.890258789063,7,8,55,1
"59","C01","std_5E3","Hemsan",102.989860534668,18015,1510,16505,18015,5000,"ddpcr0025",NA,NA,NA,NA,NA,NA,NA,NA,NA,NA,NA,NA,NA,NA,NA,NA,NA,NA,NA,NA,NA,NA,NA,NA,NA,NA,NA,NA,NA,NA,NA,NA,NA,18015,"Hemsan","Standard",102.989860534668,6,8,54,1
"60","D01","std_5E2","Hemsan",10.8218460083008,16382,150,16232,16382,500,"ddpcr0025",NA,NA,NA,NA,NA,NA,NA,NA,NA,NA,NA,NA,NA,NA,NA,NA,NA,NA,NA,NA,NA,NA,NA,NA,NA,NA,NA,NA,NA,NA,NA,NA,NA,16382,"Hemsan","Standard",10.8218460083008,5,8,53,1
"61","E01","std_5E1","Hemsan",0.814260482788086,17344,12,17332,17344,50,"ddpcr0025",NA,NA,NA,NA,NA,NA,NA,NA,NA,NA,NA,NA,NA,NA,NA,NA,NA,NA,NA,NA,NA,NA,NA,NA,NA,NA,NA,NA,NA,NA,NA,NA,NA,17344,"Hemsan","Standard",0.814260482788086,4,8,52,1
"62","F01","std_5E0","Hemsan",0.0644941776990891,18242,1,18241,18242,5,"ddpcr0025",NA,NA,NA,NA,NA,NA,NA,NA,NA,NA,NA,NA,NA,NA,NA,NA,NA,NA,NA,NA,NA,NA,NA,NA,NA,NA,NA,NA,NA,NA,NA,NA,NA,18242,"Hemsan","Standard",0.0644941776990891,3,8,51,1
"63","G01","std_5E-1","Hemsan",0,18131,0,18131,18131,0.5,"ddpcr0025",NA,NA,NA,NA,NA,NA,NA,NA,NA,NA,NA,NA,NA,NA,NA,NA,NA,NA,NA,NA,NA,NA,NA,NA,NA,NA,NA,NA,NA,NA,NA,NA,NA,18131,"Hemsan","Standard",0,2,8,50,0
"64","A01","std","Hemtak",9998.9775390625,19642,19638,4,19642,NA,"ddpcr0026",NA,NA,NA,NA,NA,NA,NA,NA,NA,NA,NA,NA,NA,NA,NA,NA,NA,NA,NA,NA,NA,NA,NA,NA,NA,NA,NA,NA,NA,NA,NA,NA,NA,19642,"Hemtak","Standard",9998.9775390625,1,9,57,1
"65","B01","std","Hemtak",998.050048828125,17558,10041,7517,17558,NA,"ddpcr0026",NA,NA,NA,NA,NA,NA,NA,NA,NA,NA,NA,NA,NA,NA,NA,NA,NA,NA,NA,NA,NA,NA,NA,NA,NA,NA,NA,NA,NA,NA,NA,NA,NA,17558,"Hemtak","Standard",998.050048828125,1,9,57,1
"66","C01","std","Hemtak",97.6351547241211,17755,1414,16341,17755,NA,"ddpcr0026",NA,NA,NA,NA,NA,NA,NA,NA,NA,NA,NA,NA,NA,NA,NA,NA,NA,NA,NA,NA,NA,NA,NA,NA,NA,NA,NA,NA,NA,NA,NA,NA,NA,17755,"Hemtak","Standard",97.6351547241211,1,9,57,1
"67","D01","std","Hemtak",11.1560325622559,17165,162,17003,17165,NA,"ddpcr0026",NA,NA,NA,NA,NA,NA,NA,NA,NA,NA,NA,NA,NA,NA,NA,NA,NA,NA,NA,NA,NA,NA,NA,NA,NA,NA,NA,NA,NA,NA,NA,NA,NA,17165,"Hemtak","Standard",11.1560325622559,1,9,57,1
"68","E01","std","Hemtak",1.13600873947144,17614,17,17597,17614,NA,"ddpcr0026",NA,NA,NA,NA,NA,NA,NA,NA,NA,NA,NA,NA,NA,NA,NA,NA,NA,NA,NA,NA,NA,NA,NA,NA,NA,NA,NA,NA,NA,NA,NA,NA,NA,17614,"Hemtak","Standard",1.13600873947144,1,9,57,1
"69","F01","std","Hemtak",0,17947,0,17947,17947,NA,"ddpcr0026",NA,NA,NA,NA,NA,NA,NA,NA,NA,NA,NA,NA,NA,NA,NA,NA,NA,NA,NA,NA,NA,NA,NA,NA,NA,NA,NA,NA,NA,NA,NA,NA,NA,17947,"Hemtak","Standard",0,1,9,57,0
"70","G01","std","Hemtak",0,18367,0,18367,18367,NA,"ddpcr0026",NA,NA,NA,NA,NA,NA,NA,NA,NA,NA,NA,NA,NA,NA,NA,NA,NA,NA,NA,NA,NA,NA,NA,NA,NA,NA,NA,NA,NA,NA,NA,NA,NA,18367,"Hemtak","Standard",0,1,9,57,0
"71","A01","std_5E5","Colper",1e+06,18036,18036,0,18036,5e+05,"ddpcr0033",NA,NA,NA,NA,NA,NA,NA,NA,NA,NA,NA,NA,NA,NA,NA,NA,NA,NA,NA,NA,NA,NA,NA,NA,NA,NA,NA,NA,NA,NA,NA,NA,NA,18036,"Colper","Standard",1e+06,8,4,28,1
"72","B01","std_5E4","Colper",2092.83154296875,15152,12594,2558,15152,50000,"ddpcr0033",NA,NA,NA,NA,NA,NA,NA,NA,NA,NA,NA,NA,NA,NA,NA,NA,NA,NA,NA,NA,NA,NA,NA,NA,NA,NA,NA,NA,NA,NA,NA,NA,NA,15152,"Colper","Standard",2092.83154296875,7,4,27,1
"73","C01","std_5E3","Colper",208.907669067383,16718,2720,13998,16718,5000,"ddpcr0033",NA,NA,NA,NA,NA,NA,NA,NA,NA,NA,NA,NA,NA,NA,NA,NA,NA,NA,NA,NA,NA,NA,NA,NA,NA,NA,NA,NA,NA,NA,NA,NA,NA,16718,"Colper","Standard",208.907669067383,6,4,26,1
"74","D01","std_5E2","Colper",18.8821182250977,16958,270,16688,16958,500,"ddpcr0033",NA,NA,NA,NA,NA,NA,NA,NA,NA,NA,NA,NA,NA,NA,NA,NA,NA,NA,NA,NA,NA,NA,NA,NA,NA,NA,NA,NA,NA,NA,NA,NA,NA,16958,"Colper","Standard",18.8821182250977,5,4,25,1
"75","E01","std_5E1","Colper",2.2340133190155,17922,34,17888,17922,50,"ddpcr0033",NA,NA,NA,NA,NA,NA,NA,NA,NA,NA,NA,NA,NA,NA,NA,NA,NA,NA,NA,NA,NA,NA,NA,NA,NA,NA,NA,NA,NA,NA,NA,NA,NA,17922,"Colper","Standard",2.2340133190155,4,4,24,1
"76","F01","std_5E0","Colper",0.210528910160065,16766,3,16763,16766,5,"ddpcr0033",NA,NA,NA,NA,NA,NA,NA,NA,NA,NA,NA,NA,NA,NA,NA,NA,NA,NA,NA,NA,NA,NA,NA,NA,NA,NA,NA,NA,NA,NA,NA,NA,NA,16766,"Colper","Standard",0.210528910160065,3,4,23,1
"77","G01","std_5E-1","Colper",0,17170,0,17170,17170,0.5,"ddpcr0033",NA,NA,NA,NA,NA,NA,NA,NA,NA,NA,NA,NA,NA,NA,NA,NA,NA,NA,NA,NA,NA,NA,NA,NA,NA,NA,NA,NA,NA,NA,NA,NA,NA,17170,"Colper","Standard",0,2,4,22,0
"78","A01","std_5E5","Corcas",1e+06,16041,16041,0,16041,5e+05,"ddpcr0034",NA,NA,NA,NA,NA,NA,NA,NA,NA,NA,NA,NA,NA,NA,NA,NA,NA,NA,NA,NA,NA,NA,NA,NA,NA,NA,NA,NA,NA,NA,NA,NA,NA,16041,"Corcas","Standard",1e+06,8,5,35,1
"79","B01","std_5E4","Corcas",2196.76538085938,14248,12046,2202,14248,50000,"ddpcr0034",NA,NA,NA,NA,NA,NA,NA,NA,NA,NA,NA,NA,NA,NA,NA,NA,NA,NA,NA,NA,NA,NA,NA,NA,NA,NA,NA,NA,NA,NA,NA,NA,NA,14248,"Corcas","Standard",2196.76538085938,7,5,34,1
"80","C01","std_5E3","Corcas",235.101638793945,15309,2773,12536,15309,5000,"ddpcr0034",NA,NA,NA,NA,NA,NA,NA,NA,NA,NA,NA,NA,NA,NA,NA,NA,NA,NA,NA,NA,NA,NA,NA,NA,NA,NA,NA,NA,NA,NA,NA,NA,NA,15309,"Corcas","Standard",235.101638793945,6,5,33,1
"81","D01","std_5E2","Corcas",23.3748760223389,15148,298,14850,15148,500,"ddpcr0034",NA,NA,NA,NA,NA,NA,NA,NA,NA,NA,NA,NA,NA,NA,NA,NA,NA,NA,NA,NA,NA,NA,NA,NA,NA,NA,NA,NA,NA,NA,NA,NA,NA,15148,"Corcas","Standard",23.3748760223389,5,5,32,1
"82","E01","std_5E1","Corcas",1.80786907672882,15630,24,15606,15630,50,"ddpcr0034",NA,NA,NA,NA,NA,NA,NA,NA,NA,NA,NA,NA,NA,NA,NA,NA,NA,NA,NA,NA,NA,NA,NA,NA,NA,NA,NA,NA,NA,NA,NA,NA,NA,15630,"Corcas","Standard",1.80786907672882,4,5,31,1
"83","F01","std_5E0","Corcas",0.0720677897334099,16325,1,16324,16325,5,"ddpcr0034",NA,NA,NA,NA,NA,NA,NA,NA,NA,NA,NA,NA,NA,NA,NA,NA,NA,NA,NA,NA,NA,NA,NA,NA,NA,NA,NA,NA,NA,NA,NA,NA,NA,16325,"Corcas","Standard",0.0720677897334099,3,5,30,1
"84","G01","std_5E-1","Corcas",0.0802312195301056,14664,1,14663,14664,0.5,"ddpcr0034",NA,NA,NA,NA,NA,NA,NA,NA,NA,NA,NA,NA,NA,NA,NA,NA,NA,NA,NA,NA,NA,NA,NA,NA,NA,NA,NA,NA,NA,NA,NA,NA,NA,14664,"Corcas","Standard",0.0802312195301056,2,5,29,1
"85","A01","std_5E5","Promin",3122.11376953125,10457,9721,736,10457,5e+05,"ddpcr0035",NA,NA,NA,NA,NA,NA,NA,NA,NA,NA,NA,NA,NA,NA,NA,NA,NA,NA,NA,NA,NA,NA,NA,NA,NA,NA,NA,NA,NA,NA,NA,NA,NA,10457,"Promin","Standard",3122.11376953125,8,15,99,1
"86","B01","std_5E4","Promin",792.297607421875,10307,5051,5256,10307,50000,"ddpcr0035",NA,NA,NA,NA,NA,NA,NA,NA,NA,NA,NA,NA,NA,NA,NA,NA,NA,NA,NA,NA,NA,NA,NA,NA,NA,NA,NA,NA,NA,NA,NA,NA,NA,10307,"Promin","Standard",792.297607421875,7,15,98,1
"87","C01","std_5E3","Promin",79.399787902832,10542,688,9854,10542,5000,"ddpcr0035",NA,NA,NA,NA,NA,NA,NA,NA,NA,NA,NA,NA,NA,NA,NA,NA,NA,NA,NA,NA,NA,NA,NA,NA,NA,NA,NA,NA,NA,NA,NA,NA,NA,10542,"Promin","Standard",79.399787902832,6,15,97,1
"88","D01","std_5E2","Promin",6.58871746063232,9132,51,9081,9132,500,"ddpcr0035",NA,NA,NA,NA,NA,NA,NA,NA,NA,NA,NA,NA,NA,NA,NA,NA,NA,NA,NA,NA,NA,NA,NA,NA,NA,NA,NA,NA,NA,NA,NA,NA,NA,9132,"Promin","Standard",6.58871746063232,5,15,96,1
"89","E01","std_5E1","Promin",0.151597261428833,7761,1,7760,7761,50,"ddpcr0035",NA,NA,NA,NA,NA,NA,NA,NA,NA,NA,NA,NA,NA,NA,NA,NA,NA,NA,NA,NA,NA,NA,NA,NA,NA,NA,NA,NA,NA,NA,NA,NA,NA,7761,"Promin","Standard",0.151597261428833,4,15,95,1
"90","F01","std_5E0","Promin",0.223876416683197,10511,2,10509,10511,5,"ddpcr0035",NA,NA,NA,NA,NA,NA,NA,NA,NA,NA,NA,NA,NA,NA,NA,NA,NA,NA,NA,NA,NA,NA,NA,NA,NA,NA,NA,NA,NA,NA,NA,NA,NA,10511,"Promin","Standard",0.223876416683197,3,15,94,1
"91","G01","std_5E-1","Promin",0.112146288156509,10491,1,10490,10491,0.5,"ddpcr0035",NA,NA,NA,NA,NA,NA,NA,NA,NA,NA,NA,NA,NA,NA,NA,NA,NA,NA,NA,NA,NA,NA,NA,NA,NA,NA,NA,NA,NA,NA,NA,NA,NA,10491,"Promin","Standard",0.112146288156509,2,15,93,1
"92","A01","std_5E5","Oncmyk",1e+06,18450,18450,0,18450,5e+05,"ddpcr0036",NA,NA,NA,NA,NA,NA,NA,NA,NA,NA,NA,NA,NA,NA,NA,NA,NA,NA,NA,NA,NA,NA,NA,NA,NA,NA,NA,NA,NA,NA,NA,NA,NA,18450,"Oncmyk","Standard",1e+06,8,14,92,1
"93","B01","std_5E4","Oncmyk",1454.84729003906,16376,11621,4755,16376,50000,"ddpcr0036",NA,NA,NA,NA,NA,NA,NA,NA,NA,NA,NA,NA,NA,NA,NA,NA,NA,NA,NA,NA,NA,NA,NA,NA,NA,NA,NA,NA,NA,NA,NA,NA,NA,16376,"Oncmyk","Standard",1454.84729003906,7,14,91,1
"94","C01","std_5E3","Oncmyk",135.280639648438,16304,1771,14533,16304,5000,"ddpcr0036",NA,NA,NA,NA,NA,NA,NA,NA,NA,NA,NA,NA,NA,NA,NA,NA,NA,NA,NA,NA,NA,NA,NA,NA,NA,NA,NA,NA,NA,NA,NA,NA,NA,16304,"Oncmyk","Standard",135.280639648438,6,14,90,1
"95","D01","std_5E2","Oncmyk",11.578179359436,15521,152,15369,15521,500,"ddpcr0036",NA,NA,NA,NA,NA,NA,NA,NA,NA,NA,NA,NA,NA,NA,NA,NA,NA,NA,NA,NA,NA,NA,NA,NA,NA,NA,NA,NA,NA,NA,NA,NA,NA,15521,"Oncmyk","Standard",11.578179359436,5,14,89,1
"96","E01","std_5E1","Oncmyk",0.722820460796356,14653,9,14644,14653,50,"ddpcr0036",NA,NA,NA,NA,NA,NA,NA,NA,NA,NA,NA,NA,NA,NA,NA,NA,NA,NA,NA,NA,NA,NA,NA,NA,NA,NA,NA,NA,NA,NA,NA,NA,NA,14653,"Oncmyk","Standard",0.722820460796356,4,14,88,1
"97","F01","std_5E0","Oncmyk",0.272910237312317,12934,3,12931,12934,5,"ddpcr0036",NA,NA,NA,NA,NA,NA,NA,NA,NA,NA,NA,NA,NA,NA,NA,NA,NA,NA,NA,NA,NA,NA,NA,NA,NA,NA,NA,NA,NA,NA,NA,NA,NA,12934,"Oncmyk","Standard",0.272910237312317,3,14,87,1
"98","G01","std_5E-1","Oncmyk",0.212627977132797,11067,2,11065,11067,0.5,"ddpcr0036",NA,NA,NA,NA,NA,NA,NA,NA,NA,NA,NA,NA,NA,NA,NA,NA,NA,NA,NA,NA,NA,NA,NA,NA,NA,NA,NA,NA,NA,NA,NA,NA,NA,11067,"Oncmyk","Standard",0.212627977132797,2,14,86,1
"99","A01","std_5E5","Erisin",5732.4833984375,17378,17245,133,17378,5e+05,"ddpcr0037",NA,NA,NA,NA,NA,NA,NA,NA,NA,NA,NA,NA,NA,NA,NA,NA,NA,NA,NA,NA,NA,NA,NA,NA,NA,NA,NA,NA,NA,NA,NA,NA,NA,17378,"Erisin","Standard",5732.4833984375,8,7,49,1
"100","B01","std_5E4","Erisin",607.831359863281,17257,6963,10294,17257,50000,"ddpcr0037",NA,NA,NA,NA,NA,NA,NA,NA,NA,NA,NA,NA,NA,NA,NA,NA,NA,NA,NA,NA,NA,NA,NA,NA,NA,NA,NA,NA,NA,NA,NA,NA,NA,17257,"Erisin","Standard",607.831359863281,7,7,48,1
"101","C01","std_5E3","Erisin",62.9080657958984,16978,884,16094,16978,5000,"ddpcr0037",NA,NA,NA,NA,NA,NA,NA,NA,NA,NA,NA,NA,NA,NA,NA,NA,NA,NA,NA,NA,NA,NA,NA,NA,NA,NA,NA,NA,NA,NA,NA,NA,NA,16978,"Erisin","Standard",62.9080657958984,6,7,47,1
"102","D01","std_5E2","Erisin",6.75918579101563,17281,99,17182,17281,500,"ddpcr0037",NA,NA,NA,NA,NA,NA,NA,NA,NA,NA,NA,NA,NA,NA,NA,NA,NA,NA,NA,NA,NA,NA,NA,NA,NA,NA,NA,NA,NA,NA,NA,NA,NA,17281,"Erisin","Standard",6.75918579101563,5,7,46,1
"103","E01","std_5E1","Erisin",0.337107241153717,17452,5,17447,17452,50,"ddpcr0037",NA,NA,NA,NA,NA,NA,NA,NA,NA,NA,NA,NA,NA,NA,NA,NA,NA,NA,NA,NA,NA,NA,NA,NA,NA,NA,NA,NA,NA,NA,NA,NA,NA,17452,"Erisin","Standard",0.337107241153717,4,7,45,1
"104","F01","std_5E0","Erisin",0,17118,0,17118,17118,5,"ddpcr0037",NA,NA,NA,NA,NA,NA,NA,NA,NA,NA,NA,NA,NA,NA,NA,NA,NA,NA,NA,NA,NA,NA,NA,NA,NA,NA,NA,NA,NA,NA,NA,NA,NA,17118,"Erisin","Standard",0,3,7,44,0
"105","G01","std_5E-1","Erisin",0,16475,0,16475,16475,0.5,"ddpcr0037",NA,NA,NA,NA,NA,NA,NA,NA,NA,NA,NA,NA,NA,NA,NA,NA,NA,NA,NA,NA,NA,NA,NA,NA,NA,NA,NA,NA,NA,NA,NA,NA,NA,16475,"Erisin","Standard",0,2,7,43,0
"106","A01","std_5E5","Homame",4063.23168945313,18655,18065,590,18655,5e+05,"ddpcr0039",NA,NA,NA,NA,NA,NA,NA,NA,NA,NA,NA,NA,NA,NA,NA,NA,NA,NA,NA,NA,NA,NA,NA,NA,NA,NA,NA,NA,NA,NA,NA,NA,NA,18655,"Homame","Standard",4063.23168945313,8,10,64,1
"107","B01","std_5E4","Homame",858.226867675781,18519,9590,8929,18519,50000,"ddpcr0039",NA,NA,NA,NA,NA,NA,NA,NA,NA,NA,NA,NA,NA,NA,NA,NA,NA,NA,NA,NA,NA,NA,NA,NA,NA,NA,NA,NA,NA,NA,NA,NA,NA,18519,"Homame","Standard",858.226867675781,7,10,63,1
"108","C01","std_5E3","Homame",81.1811904907227,19227,1282,17945,19227,5000,"ddpcr0039",NA,NA,NA,NA,NA,NA,NA,NA,NA,NA,NA,NA,NA,NA,NA,NA,NA,NA,NA,NA,NA,NA,NA,NA,NA,NA,NA,NA,NA,NA,NA,NA,NA,19227,"Homame","Standard",81.1811904907227,6,10,62,1
"109","D01","std_5E2","Homame",7.91357898712158,18944,127,18817,18944,500,"ddpcr0039",NA,NA,NA,NA,NA,NA,NA,NA,NA,NA,NA,NA,NA,NA,NA,NA,NA,NA,NA,NA,NA,NA,NA,NA,NA,NA,NA,NA,NA,NA,NA,NA,NA,18944,"Homame","Standard",7.91357898712158,5,10,61,1
"110","E01","std_5E1","Homame",0.731977343559265,19293,12,19281,19293,50,"ddpcr0039",NA,NA,NA,NA,NA,NA,NA,NA,NA,NA,NA,NA,NA,NA,NA,NA,NA,NA,NA,NA,NA,NA,NA,NA,NA,NA,NA,NA,NA,NA,NA,NA,NA,19293,"Homame","Standard",0.731977343559265,4,10,60,1
"111","F01","std_5E0","Homame",0.207789689302444,16987,3,16984,16987,5,"ddpcr0039",NA,NA,NA,NA,NA,NA,NA,NA,NA,NA,NA,NA,NA,NA,NA,NA,NA,NA,NA,NA,NA,NA,NA,NA,NA,NA,NA,NA,NA,NA,NA,NA,NA,16987,"Homame","Standard",0.207789689302444,3,10,59,1
"112","G01","std_5E-1","Homame",0.0671597272157669,17518,1,17517,17518,0.5,"ddpcr0039",NA,NA,NA,NA,NA,NA,NA,NA,NA,NA,NA,NA,NA,NA,NA,NA,NA,NA,NA,NA,NA,NA,NA,NA,NA,NA,NA,NA,NA,NA,NA,NA,NA,17518,"Homame","Standard",0.0671597272157669,2,10,58,1
"113","A01","std_5E5","Caraur",599.013122558594,18609,7425,11184,18609,5e+05,"ddpcr0040",NA,NA,NA,NA,NA,NA,NA,NA,NA,NA,NA,NA,NA,NA,NA,NA,NA,NA,NA,NA,NA,NA,NA,NA,NA,NA,NA,NA,NA,NA,NA,NA,NA,18609,"Caraur","Standard",599.013122558594,8,3,21,1
"114","B01","std_5E4","Caraur",59.0828742980957,18681,915,17766,18681,50000,"ddpcr0040",NA,NA,NA,NA,NA,NA,NA,NA,NA,NA,NA,NA,NA,NA,NA,NA,NA,NA,NA,NA,NA,NA,NA,NA,NA,NA,NA,NA,NA,NA,NA,NA,NA,18681,"Caraur","Standard",59.0828742980957,7,3,20,1
"115","C01","std_5E3","Caraur",4.98492193222046,19157,81,19076,19157,5000,"ddpcr0040",NA,NA,NA,NA,NA,NA,NA,NA,NA,NA,NA,NA,NA,NA,NA,NA,NA,NA,NA,NA,NA,NA,NA,NA,NA,NA,NA,NA,NA,NA,NA,NA,NA,19157,"Caraur","Standard",4.98492193222046,6,3,19,1
"116","D01","std_5E2","Caraur",0.698133111000061,20228,12,20216,20228,500,"ddpcr0040",NA,NA,NA,NA,NA,NA,NA,NA,NA,NA,NA,NA,NA,NA,NA,NA,NA,NA,NA,NA,NA,NA,NA,NA,NA,NA,NA,NA,NA,NA,NA,NA,NA,20228,"Caraur","Standard",0.698133111000061,5,3,18,1
"117","E01","std_5E1","Caraur",0,19754,0,19754,19754,50,"ddpcr0040",NA,NA,NA,NA,NA,NA,NA,NA,NA,NA,NA,NA,NA,NA,NA,NA,NA,NA,NA,NA,NA,NA,NA,NA,NA,NA,NA,NA,NA,NA,NA,NA,NA,19754,"Caraur","Standard",0,4,3,17,0
"118","F01","std_5E0","Caraur",0,19462,0,19462,19462,5,"ddpcr0040",NA,NA,NA,NA,NA,NA,NA,NA,NA,NA,NA,NA,NA,NA,NA,NA,NA,NA,NA,NA,NA,NA,NA,NA,NA,NA,NA,NA,NA,NA,NA,NA,NA,19462,"Caraur","Standard",0,3,3,16,0
"119","G01","std_5E-1","Caraur",0,19403,0,19403,19403,0.5,"ddpcr0040",NA,NA,NA,NA,NA,NA,NA,NA,NA,NA,NA,NA,NA,NA,NA,NA,NA,NA,NA,NA,NA,NA,NA,NA,NA,NA,NA,NA,NA,NA,NA,NA,NA,19403,"Caraur","Standard",0,2,3,15,0
