"","Well","replno","smpltp","templvol","QtyID","WellType","Replicate","ThresholddRn","CtdRn","Quantitycopies","RSqdRn","SlopedRn","qpcrno","MONISprojectno","AssayID","spcabbr","plateno","qpcrrundate","Conc","Species","Sample_Name","Ct","MST_sample_number","Bemaerkn","conc_qubit_ng_uL","Dato.for.ekstraktion","dato_80C","Dato_for_indsml","Dato_inds","Dyb_lagd01","Dyb_Str_m","Ekstraktionsnummer","Elueringvolumen.AE.buffer.uL","Inst","lokalitet_vanda","Lok_omr01","lok_pos_lat","lok_pos_lon","max_Dyb","MST.nummer","MST.n_Dinds","MSTno_di","MST_STEXno","Navn_Inds","Noter2","skib","smplNoSTEX","Sub_Nmb_for_extraction","Temp_Inds","U_Pr_Nr","vandsoejllagd","Vwf_mL","wdt","smpl_day","smpl_mnt","smpl_yea","init_concentration","int_concentation","st_idx","species_idx","sp_st_idx","pres"
"1","A04",9,"MST1039","3uL","QtyorID","Unknown",9,0.1208,"37.89","1.97",0.981,-3.37,"qpcr944","MONIS6","AssID03","Psefar","plt01","qpcrrundate20220727",1.97,"Psefar","MST1039",37.89,"MST1039",NA,13.6,"2022-feb-01","2021-05-03","2021-04-26","2021-04-26","na",1,"MST-SX25",400,"MST_MJL",91320001,"RKB1",56.0778333333333,8.21670555555556,32,"MST1039","MST1039_2021-04-26","MST1039::2021-04-26","MST1039STEX25_19","JettePoulsenEngholm",NA,"Penelope",NA,"25_19",95,"MST1039","nej",570,FALSE,26,4,2021,NA,NA,7,1,7,1
"2","A05",9,"MST1039","3uL","QtyorID","Unknown",9,0.1208,"38.86","1.02",0.981,-3.37,"qpcr944","MONIS6","AssID03","Psefar","plt01","qpcrrundate20220727",1.02,"Psefar","MST1039",38.86,"MST1039",NA,13.6,"2022-feb-01","2021-05-03","2021-04-26","2021-04-26","na",1,"MST-SX25",400,"MST_MJL",91320001,"RKB1",56.0778333333333,8.21670555555556,32,"MST1039","MST1039_2021-04-26","MST1039::2021-04-26","MST1039STEX25_19","JettePoulsenEngholm",NA,"Penelope",NA,"25_19",95,"MST1039","nej",570,FALSE,26,4,2021,NA,NA,7,1,7,1
"3","A06",9,"MST1039","3uL","QtyorID","Unknown",9,0.1208,"38.45","1.34",0.981,-3.37,"qpcr944","MONIS6","AssID03","Psefar","plt01","qpcrrundate20220727",1.34,"Psefar","MST1039",38.45,"MST1039",NA,13.6,"2022-feb-01","2021-05-03","2021-04-26","2021-04-26","na",1,"MST-SX25",400,"MST_MJL",91320001,"RKB1",56.0778333333333,8.21670555555556,32,"MST1039","MST1039_2021-04-26","MST1039::2021-04-26","MST1039STEX25_19","JettePoulsenEngholm",NA,"Penelope",NA,"25_19",95,"MST1039","nej",570,FALSE,26,4,2021,NA,NA,7,1,7,1
"4","A07",17,"MST2021-049","3uL","QtyorID","Unknown",17,0.1208,"34.92","1.498e+001",0.981,-3.37,"qpcr944","MONIS6","AssID03","Psefar","plt01","qpcrrundate20220727",14.98,"Psefar","MST2021-049",34.92,"MST2021049","LISD0027",7.75,"2022-jan-06","2021-05-21","2021-05-21","2021-05-21",NA,10,"MST-SX23",400,"Sydjylland",91650035,"ListerDyb",55.0938666666667,8.56828611111111,11,"MST2021049","MST2021049_2021-05-21","MST2021049::2021-05-21","MST2021049STEX23_10","LasseoerstedJensen",NA,"Fucus","MST2021049STEX23_10","23_10",11,"MST2021049","nej",500,FALSE,21,5,2021,NA,NA,29,1,29,1
"5","A08",17,"MST2021-049","3uL","QtyorID","Unknown",17,0.1208,"37.16","3.24",0.981,-3.37,"qpcr944","MONIS6","AssID03","Psefar","plt01","qpcrrundate20220727",3.24,"Psefar","MST2021-049",37.16,"MST2021049","LISD0027",7.75,"2022-jan-06","2021-05-21","2021-05-21","2021-05-21",NA,10,"MST-SX23",400,"Sydjylland",91650035,"ListerDyb",55.0938666666667,8.56828611111111,11,"MST2021049","MST2021049_2021-05-21","MST2021049::2021-05-21","MST2021049STEX23_10","LasseoerstedJensen",NA,"Fucus","MST2021049STEX23_10","23_10",11,"MST2021049","nej",500,FALSE,21,5,2021,NA,NA,29,1,29,1
"6","A09",17,"MST2021-049","3uL","QtyorID","Unknown",17,0.1208,"37.76","2.15",0.981,-3.37,"qpcr944","MONIS6","AssID03","Psefar","plt01","qpcrrundate20220727",2.15,"Psefar","MST2021-049",37.76,"MST2021049","LISD0027",7.75,"2022-jan-06","2021-05-21","2021-05-21","2021-05-21",NA,10,"MST-SX23",400,"Sydjylland",91650035,"ListerDyb",55.0938666666667,8.56828611111111,11,"MST2021049","MST2021049_2021-05-21","MST2021049::2021-05-21","MST2021049STEX23_10","LasseoerstedJensen",NA,"Fucus","MST2021049STEX23_10","23_10",11,"MST2021049","nej",500,FALSE,21,5,2021,NA,NA,29,1,29,1
"7","A10",25,"MST2021-012","3uL","QtyorID","Unknown",25,0.1208,"25.34","1.045e+004",0.981,-3.37,"qpcr944","MONIS6","AssID03","Psefar","plt01","qpcrrundate20220727",10450,"Psefar","MST2021-012",25.34,"MST2021012",NA,11,"2022-feb-01","2021-05-03","2021-04-27","2021-04-27","na",59,"MST-SX25",400,"MSTSYD",95130028,"VejleFjordindre_VF",55.7021833333333,9.66136111111111,69,"MST2021012","MST2021012_2021-04-27","MST2021012::2021-04-27","MST2021012STEX25_12","KRISTIANMCGREGOR",NA,"LIVII","MST2021012STEX25_12","25_12",81.7,"MST2021012","nej",1500,TRUE,27,4,2021,NA,NA,15,1,15,1
"8","A11",25,"MST2021-012","3uL","QtyorID","Unknown",25,0.1208,"24.83","1.481e+004",0.981,-3.37,"qpcr944","MONIS6","AssID03","Psefar","plt01","qpcrrundate20220727",14810,"Psefar","MST2021-012",24.83,"MST2021012",NA,11,"2022-feb-01","2021-05-03","2021-04-27","2021-04-27","na",59,"MST-SX25",400,"MSTSYD",95130028,"VejleFjordindre_VF",55.7021833333333,9.66136111111111,69,"MST2021012","MST2021012_2021-04-27","MST2021012::2021-04-27","MST2021012STEX25_12","KRISTIANMCGREGOR",NA,"LIVII","MST2021012STEX25_12","25_12",81.7,"MST2021012","nej",1500,TRUE,27,4,2021,NA,NA,15,1,15,1
"9","A12",25,"MST2021-012","3uL","QtyorID","Unknown",25,0.1208,"24.83","1.485e+004",0.981,-3.37,"qpcr944","MONIS6","AssID03","Psefar","plt01","qpcrrundate20220727",14850,"Psefar","MST2021-012",24.83,"MST2021012",NA,11,"2022-feb-01","2021-05-03","2021-04-27","2021-04-27","na",59,"MST-SX25",400,"MSTSYD",95130028,"VejleFjordindre_VF",55.7021833333333,9.66136111111111,69,"MST2021012","MST2021012_2021-04-27","MST2021012::2021-04-27","MST2021012STEX25_12","KRISTIANMCGREGOR",NA,"LIVII","MST2021012STEX25_12","25_12",81.7,"MST2021012","nej",1500,TRUE,27,4,2021,NA,NA,15,1,15,1
"10","B04",10,"MST2021-015","3uL","QtyorID","Unknown",10,0.1208,"NoCt","NoCt",0.981,-3.37,"qpcr944","MONIS6","AssID03","Psefar","plt01","qpcrrundate20220727",0,"Psefar","MST2021-015",0,"MST2021015",NA,5.4,"2021-nov-24","2021-09-08","2021-09-02","2021-09-02","na",1,"MST-SX21",400,"MST_MJL",91320001,"RKB1",56.0778333333333,8.21678611111111,32,"MST2021015","MST2021015_2021-09-02","MST2021015::2021-09-02","MST2021015STEX21_03","BentJensen",NA,"Penelope","MST2021015STEX21_03","21_03",17.5,"MST2021015","nej",925,TRUE,2,9,2021,NA,NA,17,1,17,0
"11","B05",10,"MST2021-015","3uL","QtyorID","Unknown",10,0.1208,"NoCt","NoCt",0.981,-3.37,"qpcr944","MONIS6","AssID03","Psefar","plt01","qpcrrundate20220727",0,"Psefar","MST2021-015",0,"MST2021015",NA,5.4,"2021-nov-24","2021-09-08","2021-09-02","2021-09-02","na",1,"MST-SX21",400,"MST_MJL",91320001,"RKB1",56.0778333333333,8.21678611111111,32,"MST2021015","MST2021015_2021-09-02","MST2021015::2021-09-02","MST2021015STEX21_03","BentJensen",NA,"Penelope","MST2021015STEX21_03","21_03",17.5,"MST2021015","nej",925,TRUE,2,9,2021,NA,NA,17,1,17,0
"12","B06",10,"MST2021-015","3uL","QtyorID","Unknown",10,0.1208,"39.13","8.465e-001",0.981,-3.37,"qpcr944","MONIS6","AssID03","Psefar","plt01","qpcrrundate20220727",0.8465,"Psefar","MST2021-015",39.13,"MST2021015",NA,5.4,"2021-nov-24","2021-09-08","2021-09-02","2021-09-02","na",1,"MST-SX21",400,"MST_MJL",91320001,"RKB1",56.0778333333333,8.21678611111111,32,"MST2021015","MST2021015_2021-09-02","MST2021015::2021-09-02","MST2021015STEX21_03","BentJensen",NA,"Penelope","MST2021015STEX21_03","21_03",17.5,"MST2021015","nej",925,TRUE,2,9,2021,NA,NA,17,1,17,1
"13","B07",18,"MST2021-052","3uL","QtyorID","Unknown",18,0.1208,"35.39","1.084e+001",0.981,-3.37,"qpcr944","MONIS6","AssID03","Psefar","plt01","qpcrrundate20220727",10.84,"Psefar","MST2021-052",35.39,"MST2021052",NA,8.95,"2021-nov-24","2021-06-15","2021-06-14","2021-06-14","26",1,"MST-SX21",400,"Fyn",94230001,"FYN6900017",55.4678333333333,10.5169333333333,84,"MST2021052","MST2021052_2021-06-14","MST2021052::2021-06-14","MST2021052STEX21_10","FlemmingNoergaard",NA,"Belone","MST2021052STEX21_10","21_10",17.8,"MST2021052","ja",610,FALSE,14,6,2021,NA,NA,31,1,31,1
"14","B08",18,"MST2021-052","3uL","QtyorID","Unknown",18,0.1208,"36.31","5.81",0.981,-3.37,"qpcr944","MONIS6","AssID03","Psefar","plt01","qpcrrundate20220727",5.81,"Psefar","MST2021-052",36.31,"MST2021052",NA,8.95,"2021-nov-24","2021-06-15","2021-06-14","2021-06-14","26",1,"MST-SX21",400,"Fyn",94230001,"FYN6900017",55.4678333333333,10.5169333333333,84,"MST2021052","MST2021052_2021-06-14","MST2021052::2021-06-14","MST2021052STEX21_10","FlemmingNoergaard",NA,"Belone","MST2021052STEX21_10","21_10",17.8,"MST2021052","ja",610,FALSE,14,6,2021,NA,NA,31,1,31,1
"15","B09",18,"MST2021-052","3uL","QtyorID","Unknown",18,0.1208,"35.85","7.94",0.981,-3.37,"qpcr944","MONIS6","AssID03","Psefar","plt01","qpcrrundate20220727",7.94,"Psefar","MST2021-052",35.85,"MST2021052",NA,8.95,"2021-nov-24","2021-06-15","2021-06-14","2021-06-14","26",1,"MST-SX21",400,"Fyn",94230001,"FYN6900017",55.4678333333333,10.5169333333333,84,"MST2021052","MST2021052_2021-06-14","MST2021052::2021-06-14","MST2021052STEX21_10","FlemmingNoergaard",NA,"Belone","MST2021052STEX21_10","21_10",17.8,"MST2021052","ja",610,FALSE,14,6,2021,NA,NA,31,1,31,1
"16","B10",26,"MST2021-075","3uL","QtyorID","Unknown",26,0.1208,"23.25","4.360e+004",0.981,-3.37,"qpcr944","MONIS6","AssID03","Psefar","plt01","qpcrrundate20220727",43600,"Psefar","MST2021-075",23.25,"MST2021075",NA,4.86,"2021-dec-08","2021-05-20","2021-05-11","2021-05-11","13",1,"MST-SX22",400,"MSTOJL",94300001,"VEJ0006870_94300001",55.6743833333333,10.0845083333333,21,"MST2021075","MST2021075_2021-05-11","MST2021075::2021-05-11","MST2021075STEX22_13","janeRobertsen",NA,"Frigg","MST2021075STEX22_13","22_13",98.1,"MST2021075","ja",1100,FALSE,11,5,2021,NA,NA,38,1,38,1
"17","B11",26,"MST2021-075","3uL","QtyorID","Unknown",26,0.1208,"23.42","3.877e+004",0.981,-3.37,"qpcr944","MONIS6","AssID03","Psefar","plt01","qpcrrundate20220727",38770,"Psefar","MST2021-075",23.42,"MST2021075",NA,4.86,"2021-dec-08","2021-05-20","2021-05-11","2021-05-11","13",1,"MST-SX22",400,"MSTOJL",94300001,"VEJ0006870_94300001",55.6743833333333,10.0845083333333,21,"MST2021075","MST2021075_2021-05-11","MST2021075::2021-05-11","MST2021075STEX22_13","janeRobertsen",NA,"Frigg","MST2021075STEX22_13","22_13",98.1,"MST2021075","ja",1100,FALSE,11,5,2021,NA,NA,38,1,38,1
"18","B12",26,"MST2021-075","3uL","QtyorID","Unknown",26,0.1208,"23.38","3.995e+004",0.981,-3.37,"qpcr944","MONIS6","AssID03","Psefar","plt01","qpcrrundate20220727",39950,"Psefar","MST2021-075",23.38,"MST2021075",NA,4.86,"2021-dec-08","2021-05-20","2021-05-11","2021-05-11","13",1,"MST-SX22",400,"MSTOJL",94300001,"VEJ0006870_94300001",55.6743833333333,10.0845083333333,21,"MST2021075","MST2021075_2021-05-11","MST2021075::2021-05-11","MST2021075STEX22_13","janeRobertsen",NA,"Frigg","MST2021075STEX22_13","22_13",98.1,"MST2021075","ja",1100,FALSE,11,5,2021,NA,NA,38,1,38,1
"19","C04",11,"MST2021-028","3uL","QtyorID","Unknown",11,0.1208,"34.15","2.539e+001",0.981,-3.37,"qpcr944","MONIS6","AssID03","Psefar","plt01","qpcrrundate20220727",25.39,"Psefar","MST2021-028",34.15,"MST2021028","VandproeverneernedkoeletogtransporterettilAalborghvorfiltreringenskete",0.58,"2021-nov-24","2021-10-09","2021-09-27","2021-09-27",NA,NA,"MST-SX21",400,"Nordjylland",92200001,"HirtshalsNOR7715_92200001",57.6078333333333,9.90025555555555,18,"MST2021028","MST2021028_2021-09-27","MST2021028::2021-09-27","MST2021028STEX21_06","SvendaageBendtsen",NA,"MagretheGaardbo","MST2021028STEX21_06","21_06",15,"MST2021028","nej",1200,TRUE,27,9,2021,NA,NA,20,1,20,1
"20","C05",11,"MST2021-028","3uL","QtyorID","Unknown",11,0.1208,"33.91","2.996e+001",0.981,-3.37,"qpcr944","MONIS6","AssID03","Psefar","plt01","qpcrrundate20220727",29.96,"Psefar","MST2021-028",33.91,"MST2021028","VandproeverneernedkoeletogtransporterettilAalborghvorfiltreringenskete",0.58,"2021-nov-24","2021-10-09","2021-09-27","2021-09-27",NA,NA,"MST-SX21",400,"Nordjylland",92200001,"HirtshalsNOR7715_92200001",57.6078333333333,9.90025555555555,18,"MST2021028","MST2021028_2021-09-27","MST2021028::2021-09-27","MST2021028STEX21_06","SvendaageBendtsen",NA,"MagretheGaardbo","MST2021028STEX21_06","21_06",15,"MST2021028","nej",1200,TRUE,27,9,2021,NA,NA,20,1,20,1
"21","C06",11,"MST2021-028","3uL","QtyorID","Unknown",11,0.1208,"33.91","2.988e+001",0.981,-3.37,"qpcr944","MONIS6","AssID03","Psefar","plt01","qpcrrundate20220727",29.88,"Psefar","MST2021-028",33.91,"MST2021028","VandproeverneernedkoeletogtransporterettilAalborghvorfiltreringenskete",0.58,"2021-nov-24","2021-10-09","2021-09-27","2021-09-27",NA,NA,"MST-SX21",400,"Nordjylland",92200001,"HirtshalsNOR7715_92200001",57.6078333333333,9.90025555555555,18,"MST2021028","MST2021028_2021-09-27","MST2021028::2021-09-27","MST2021028STEX21_06","SvendaageBendtsen",NA,"MagretheGaardbo","MST2021028STEX21_06","21_06",15,"MST2021028","nej",1200,TRUE,27,9,2021,NA,NA,20,1,20,1
"22","C07",19,"MST2021-071","3uL","QtyorID","Unknown",19,0.1208,"36.87","3.97",0.981,-3.37,"qpcr944","MONIS6","AssID03","Psefar","plt01","qpcrrundate20220727",3.97,"Psefar","MST2021-071",36.87,"MST2021071",NA,6.5,"2022-jan-11","2021-10-21","2021-10-13","2021-10-13",NA,1,"MST-SX24",400,"Fyn",94230001,"FYN6900017",55.4678333333333,10.5169333333333,98,"MST2021071","MST2021071_2021-10-13","MST2021071::2021-10-13","MST2021071STEX24_04","FlemmingNoergaard&PauliJoergensen",NA,"Belone","MST2021071STEX24_04","24_04",11.4,"MST2021071","nej",1500,FALSE,13,10,2021,NA,NA,37,1,37,1
"23","C08",19,"MST2021-071","3uL","QtyorID","Unknown",19,0.1208,"36.97","3.68",0.981,-3.37,"qpcr944","MONIS6","AssID03","Psefar","plt01","qpcrrundate20220727",3.68,"Psefar","MST2021-071",36.97,"MST2021071",NA,6.5,"2022-jan-11","2021-10-21","2021-10-13","2021-10-13",NA,1,"MST-SX24",400,"Fyn",94230001,"FYN6900017",55.4678333333333,10.5169333333333,98,"MST2021071","MST2021071_2021-10-13","MST2021071::2021-10-13","MST2021071STEX24_04","FlemmingNoergaard&PauliJoergensen",NA,"Belone","MST2021071STEX24_04","24_04",11.4,"MST2021071","nej",1500,FALSE,13,10,2021,NA,NA,37,1,37,1
"24","C09",19,"MST2021-071","3uL","QtyorID","Unknown",19,0.1208,"35.99","7.20",0.981,-3.37,"qpcr944","MONIS6","AssID03","Psefar","plt01","qpcrrundate20220727",7.2,"Psefar","MST2021-071",35.99,"MST2021071",NA,6.5,"2022-jan-11","2021-10-21","2021-10-13","2021-10-13",NA,1,"MST-SX24",400,"Fyn",94230001,"FYN6900017",55.4678333333333,10.5169333333333,98,"MST2021071","MST2021071_2021-10-13","MST2021071::2021-10-13","MST2021071STEX24_04","FlemmingNoergaard&PauliJoergensen",NA,"Belone","MST2021071STEX24_04","24_04",11.4,"MST2021071","nej",1500,FALSE,13,10,2021,NA,NA,37,1,37,1
"25","C10",27,"MST1022","3uL","QtyorID","Unknown",27,0.1208,"24.66","1.666e+004",0.981,-3.37,"qpcr944","MONIS6","AssID03","Psefar","plt01","qpcrrundate20220727",16660,"Psefar","MST1022",24.66,"MST1022",NA,0.428,"2021-dec-08","2021-05-20","2021-05-17","2021-05-17","9",1,"MST-SX22",400,"MSTOJL",94400007,"ARH1700006_94400007",56.1547333333333,10.3170055555556,162,"MST1022","MST1022_2021-05-17","MST1022::2021-05-17","MST1022STEX22_02","janeRobertsen",NA,"Frigg",NA,"22_02",10.9,"MST1022","ja",1100,FALSE,17,5,2021,NA,NA,1,1,1,1
"26","C11",27,"MST1022","3uL","QtyorID","Unknown",27,0.1208,"24.75","1.561e+004",0.981,-3.37,"qpcr944","MONIS6","AssID03","Psefar","plt01","qpcrrundate20220727",15610,"Psefar","MST1022",24.75,"MST1022",NA,0.428,"2021-dec-08","2021-05-20","2021-05-17","2021-05-17","9",1,"MST-SX22",400,"MSTOJL",94400007,"ARH1700006_94400007",56.1547333333333,10.3170055555556,162,"MST1022","MST1022_2021-05-17","MST1022::2021-05-17","MST1022STEX22_02","janeRobertsen",NA,"Frigg",NA,"22_02",10.9,"MST1022","ja",1100,FALSE,17,5,2021,NA,NA,1,1,1,1
"27","C12",27,"MST1022","3uL","QtyorID","Unknown",27,0.1208,"24.83","1.476e+004",0.981,-3.37,"qpcr944","MONIS6","AssID03","Psefar","plt01","qpcrrundate20220727",14760,"Psefar","MST1022",24.83,"MST1022",NA,0.428,"2021-dec-08","2021-05-20","2021-05-17","2021-05-17","9",1,"MST-SX22",400,"MSTOJL",94400007,"ARH1700006_94400007",56.1547333333333,10.3170055555556,162,"MST1022","MST1022_2021-05-17","MST1022::2021-05-17","MST1022STEX22_02","janeRobertsen",NA,"Frigg",NA,"22_02",10.9,"MST1022","ja",1100,FALSE,17,5,2021,NA,NA,1,1,1,1
"28","D04",12,"MST2021-031","3uL","QtyorID","Unknown",12,0.1208,"32.68","6.928e+001",0.981,-3.37,"qpcr944","MONIS6","AssID03","Psefar","plt01","qpcrrundate20220727",69.28,"Psefar","MST2021-031",32.68,"MST2021031","ErudtagetmedLindahlslangesomdybdeintegredetproeverfra0_10metersammenmedplanktonproeverneogsaaprofilmaalingerchlAogvandkemi",0.97,"2021-nov-24","2021-07-03","2021-06-17","2021-06-17",NA,4,"MST-SX21",400,"Nordjylland",92200001,"HirtshalsNOR7715_92200001",57.6078333333333,9.90025555555555,15,"MST2021031","MST2021031_2021-06-17","MST2021031::2021-06-17","MST2021031STEX21_09","SvendaageBendtsen",NA,"MagretheGaardbo","MST2021031STEX21_09","21_09",14,"MST2021031","nej",1200,FALSE,17,6,2021,NA,NA,23,1,23,1
"29","D05",12,"MST2021-031","3uL","QtyorID","Unknown",12,0.1208,"32.89","5.999e+001",0.981,-3.37,"qpcr944","MONIS6","AssID03","Psefar","plt01","qpcrrundate20220727",59.99,"Psefar","MST2021-031",32.89,"MST2021031","ErudtagetmedLindahlslangesomdybdeintegredetproeverfra0_10metersammenmedplanktonproeverneogsaaprofilmaalingerchlAogvandkemi",0.97,"2021-nov-24","2021-07-03","2021-06-17","2021-06-17",NA,4,"MST-SX21",400,"Nordjylland",92200001,"HirtshalsNOR7715_92200001",57.6078333333333,9.90025555555555,15,"MST2021031","MST2021031_2021-06-17","MST2021031::2021-06-17","MST2021031STEX21_09","SvendaageBendtsen",NA,"MagretheGaardbo","MST2021031STEX21_09","21_09",14,"MST2021031","nej",1200,FALSE,17,6,2021,NA,NA,23,1,23,1
"30","D06",12,"MST2021-031","3uL","QtyorID","Unknown",12,0.1208,"32.91","5.901e+001",0.981,-3.37,"qpcr944","MONIS6","AssID03","Psefar","plt01","qpcrrundate20220727",59.01,"Psefar","MST2021-031",32.91,"MST2021031","ErudtagetmedLindahlslangesomdybdeintegredetproeverfra0_10metersammenmedplanktonproeverneogsaaprofilmaalingerchlAogvandkemi",0.97,"2021-nov-24","2021-07-03","2021-06-17","2021-06-17",NA,4,"MST-SX21",400,"Nordjylland",92200001,"HirtshalsNOR7715_92200001",57.6078333333333,9.90025555555555,15,"MST2021031","MST2021031_2021-06-17","MST2021031::2021-06-17","MST2021031STEX21_09","SvendaageBendtsen",NA,"MagretheGaardbo","MST2021031STEX21_09","21_09",14,"MST2021031","nej",1200,FALSE,17,6,2021,NA,NA,23,1,23,1
"31","D07",20,"MST2021-005","3uL","QtyorID","Unknown",20,0.1208,"NoCt","NoCt",0.981,-3.37,"qpcr944","MONIS6","AssID03","Psefar","plt01","qpcrrundate20220727",0,"Psefar","MST2021-005",0,"MST2021005",NA,11.7,"2022-jan-11","2021-06-10","2021-06-01","2021-06-01",NA,1,"MST-SX24",400,"Sjaelland",93220011,"ROS60_322RoskildeFjord",55.713,12.04,48,"MST2021005","MST2021005_2021-06-01","MST2021005::2021-06-01","MST2021005STEX24_12","EmilGuddalLarsen",NA,"Mergus","MST2021005STEX24_12","24_12",17.1,"MST2021005","nej",1600,TRUE,1,6,2021,NA,NA,11,1,11,0
"32","D08",20,"MST2021-005","3uL","QtyorID","Unknown",20,0.1208,"NoCt","NoCt",0.981,-3.37,"qpcr944","MONIS6","AssID03","Psefar","plt01","qpcrrundate20220727",0,"Psefar","MST2021-005",0,"MST2021005",NA,11.7,"2022-jan-11","2021-06-10","2021-06-01","2021-06-01",NA,1,"MST-SX24",400,"Sjaelland",93220011,"ROS60_322RoskildeFjord",55.713,12.04,48,"MST2021005","MST2021005_2021-06-01","MST2021005::2021-06-01","MST2021005STEX24_12","EmilGuddalLarsen",NA,"Mergus","MST2021005STEX24_12","24_12",17.1,"MST2021005","nej",1600,TRUE,1,6,2021,NA,NA,11,1,11,0
"33","D09",20,"MST2021-005","3uL","QtyorID","Unknown",20,0.1208,"NoCt","NoCt",0.981,-3.37,"qpcr944","MONIS6","AssID03","Psefar","plt01","qpcrrundate20220727",0,"Psefar","MST2021-005",0,"MST2021005",NA,11.7,"2022-jan-11","2021-06-10","2021-06-01","2021-06-01",NA,1,"MST-SX24",400,"Sjaelland",93220011,"ROS60_322RoskildeFjord",55.713,12.04,48,"MST2021005","MST2021005_2021-06-01","MST2021005::2021-06-01","MST2021005STEX24_12","EmilGuddalLarsen",NA,"Mergus","MST2021005STEX24_12","24_12",17.1,"MST2021005","nej",1600,TRUE,1,6,2021,NA,NA,11,1,11,0
"34","D10",28,"MST2021-089","3uL","QtyorID","Unknown",28,0.1208,"25.44","9.764e+003",0.981,-3.37,"qpcr944","MONIS6","AssID03","Psefar","plt01","qpcrrundate20220727",9764,"Psefar","MST2021-089",25.44,"MST2021089",NA,5.7,"2022-jan-06","2021-05-20","2021-05-17","2021-05-17","75",13,"MST-SX23",400,"MSTOJL",94510035,"EbeltoftVig",56.2094,10.6003444444444,14,"MST2021089","MST2021089_2021-05-17","MST2021089::2021-05-17","MST2021089STEX23_06","janeRobertsen",NA,"Frigg","MST2021089STEX23_06","23_06",77.3,"MST2021089","ja",1400,FALSE,17,5,2021,NA,NA,46,1,46,1
"35","D11",28,"MST2021-089","3uL","QtyorID","Unknown",28,0.1208,"25.52","9.203e+003",0.981,-3.37,"qpcr944","MONIS6","AssID03","Psefar","plt01","qpcrrundate20220727",9203,"Psefar","MST2021-089",25.52,"MST2021089",NA,5.7,"2022-jan-06","2021-05-20","2021-05-17","2021-05-17","75",13,"MST-SX23",400,"MSTOJL",94510035,"EbeltoftVig",56.2094,10.6003444444444,14,"MST2021089","MST2021089_2021-05-17","MST2021089::2021-05-17","MST2021089STEX23_06","janeRobertsen",NA,"Frigg","MST2021089STEX23_06","23_06",77.3,"MST2021089","ja",1400,FALSE,17,5,2021,NA,NA,46,1,46,1
"36","D12",28,"MST2021-089","3uL","QtyorID","Unknown",28,0.1208,"25.55","9.018e+003",0.981,-3.37,"qpcr944","MONIS6","AssID03","Psefar","plt01","qpcrrundate20220727",9018,"Psefar","MST2021-089",25.55,"MST2021089",NA,5.7,"2022-jan-06","2021-05-20","2021-05-17","2021-05-17","75",13,"MST-SX23",400,"MSTOJL",94510035,"EbeltoftVig",56.2094,10.6003444444444,14,"MST2021089","MST2021089_2021-05-17","MST2021089::2021-05-17","MST2021089STEX23_06","janeRobertsen",NA,"Frigg","MST2021089STEX23_06","23_06",77.3,"MST2021089","ja",1400,FALSE,17,5,2021,NA,NA,46,1,46,1
"37","E04",13,"MST2021-032","3uL","QtyorID","Unknown",13,0.1208,"29.96","4.446e+002",0.981,-3.37,"qpcr944","MONIS6","AssID03","Psefar","plt01","qpcrrundate20220727",444.6,"Psefar","MST2021-032",29.96,"MST2021032","erudtagetmedNiskinvandhenter",3.28,"2022-jan-11","2021-07-03","2021-06-23","2021-06-23",NA,3,"MST-SX24",400,"Nordjylland",93920064,"KragskovRevSyd",57.5407666666667,10.4687805555556,4,"MST2021032","MST2021032_2021-06-23","MST2021032::2021-06-23","MST2021032STEX24_11","SvendaageBendtsen",NA,"Pingo","MST2021032STEX24_11","24_11",15.7,"MST2021032","nej",1400,FALSE,23,6,2021,NA,NA,24,1,24,1
"38","E05",13,"MST2021-032","3uL","QtyorID","Unknown",13,0.1208,"30.10","4.051e+002",0.981,-3.37,"qpcr944","MONIS6","AssID03","Psefar","plt01","qpcrrundate20220727",405.1,"Psefar","MST2021-032",30.1,"MST2021032","erudtagetmedNiskinvandhenter",3.28,"2022-jan-11","2021-07-03","2021-06-23","2021-06-23",NA,3,"MST-SX24",400,"Nordjylland",93920064,"KragskovRevSyd",57.5407666666667,10.4687805555556,4,"MST2021032","MST2021032_2021-06-23","MST2021032::2021-06-23","MST2021032STEX24_11","SvendaageBendtsen",NA,"Pingo","MST2021032STEX24_11","24_11",15.7,"MST2021032","nej",1400,FALSE,23,6,2021,NA,NA,24,1,24,1
"39","E06",13,"MST2021-032","3uL","QtyorID","Unknown",13,0.1208,"30.16","3.881e+002",0.981,-3.37,"qpcr944","MONIS6","AssID03","Psefar","plt01","qpcrrundate20220727",388.1,"Psefar","MST2021-032",30.16,"MST2021032","erudtagetmedNiskinvandhenter",3.28,"2022-jan-11","2021-07-03","2021-06-23","2021-06-23",NA,3,"MST-SX24",400,"Nordjylland",93920064,"KragskovRevSyd",57.5407666666667,10.4687805555556,4,"MST2021032","MST2021032_2021-06-23","MST2021032::2021-06-23","MST2021032STEX24_11","SvendaageBendtsen",NA,"Pingo","MST2021032STEX24_11","24_11",15.7,"MST2021032","nej",1400,FALSE,23,6,2021,NA,NA,24,1,24,1
"40","E07",21,"MST2021-025","3uL","QtyorID","Unknown",21,0.1208,"NoCt","NoCt",0.981,-3.37,"qpcr944","MONIS6","AssID03","Psefar","plt01","qpcrrundate20220727",0,"Psefar","MST2021-025",0,"MST2021025","Datoforoverfoerseltil_80Cfryserenilaboratorieterikkedokumenteremenproevemersenestblevetoverfoertd15_06_2021ogmuligvisvedentidligeredato
",3.16,"2022-jan-11","2021-06-15","2021-06-10","2021-06-10",NA,28,"MST-SX24",400,"Sjaelland",99150002,"FranksRev",55.0334833333333,15.5078333333333,39,"MST2021025","MST2021025_2021-06-10","MST2021025::2021-06-10","MST2021025STEX24_02","EmilGuddalLarsen",NA,"Mergus","MST2021025STEX24_02","24_02",16.8,"MST2021025","nej",1750,TRUE,10,6,2021,NA,NA,19,1,19,0
"41","E08",21,"MST2021-025","3uL","QtyorID","Unknown",21,0.1208,"NoCt","NoCt",0.981,-3.37,"qpcr944","MONIS6","AssID03","Psefar","plt01","qpcrrundate20220727",0,"Psefar","MST2021-025",0,"MST2021025","Datoforoverfoerseltil_80Cfryserenilaboratorieterikkedokumenteremenproevemersenestblevetoverfoertd15_06_2021ogmuligvisvedentidligeredato
",3.16,"2022-jan-11","2021-06-15","2021-06-10","2021-06-10",NA,28,"MST-SX24",400,"Sjaelland",99150002,"FranksRev",55.0334833333333,15.5078333333333,39,"MST2021025","MST2021025_2021-06-10","MST2021025::2021-06-10","MST2021025STEX24_02","EmilGuddalLarsen",NA,"Mergus","MST2021025STEX24_02","24_02",16.8,"MST2021025","nej",1750,TRUE,10,6,2021,NA,NA,19,1,19,0
"42","E09",21,"MST2021-025","3uL","QtyorID","Unknown",21,0.1208,"NoCt","NoCt",0.981,-3.37,"qpcr944","MONIS6","AssID03","Psefar","plt01","qpcrrundate20220727",0,"Psefar","MST2021-025",0,"MST2021025","Datoforoverfoerseltil_80Cfryserenilaboratorieterikkedokumenteremenproevemersenestblevetoverfoertd15_06_2021ogmuligvisvedentidligeredato
",3.16,"2022-jan-11","2021-06-15","2021-06-10","2021-06-10",NA,28,"MST-SX24",400,"Sjaelland",99150002,"FranksRev",55.0334833333333,15.5078333333333,39,"MST2021025","MST2021025_2021-06-10","MST2021025::2021-06-10","MST2021025STEX24_02","EmilGuddalLarsen",NA,"Mergus","MST2021025STEX24_02","24_02",16.8,"MST2021025","nej",1750,TRUE,10,6,2021,NA,NA,19,1,19,0
"43","E10",29,"MST2021-088","3uL","QtyorID","Unknown",29,0.1208,"24.89","1.421e+004",0.981,-3.37,"qpcr944","MONIS6","AssID03","Psefar","plt01","qpcrrundate20220727",14210,"Psefar","MST2021-088",24.89,"MST2021088",NA,16.5,"2022-feb-01","2021-05-21","2021-05-20","2021-05-20","75",188,"MST-SX25",400,"MSTFYN",96700057,"KertemindeBugt",55.4392166666667,10.8276944444444,198,"MST2021088","MST2021088_2021-05-20","MST2021088::2021-05-20","MST2021088STEX25_03","janeRobertsen",NA,"Frigg","MST2021088STEX25_03","25_03",73.7,"MST2021088","ja",1600,FALSE,20,5,2021,NA,NA,45,1,45,1
"44","E11",29,"MST2021-088","3uL","QtyorID","Unknown",29,0.1208,"24.87","1.444e+004",0.981,-3.37,"qpcr944","MONIS6","AssID03","Psefar","plt01","qpcrrundate20220727",14440,"Psefar","MST2021-088",24.87,"MST2021088",NA,16.5,"2022-feb-01","2021-05-21","2021-05-20","2021-05-20","75",188,"MST-SX25",400,"MSTFYN",96700057,"KertemindeBugt",55.4392166666667,10.8276944444444,198,"MST2021088","MST2021088_2021-05-20","MST2021088::2021-05-20","MST2021088STEX25_03","janeRobertsen",NA,"Frigg","MST2021088STEX25_03","25_03",73.7,"MST2021088","ja",1600,FALSE,20,5,2021,NA,NA,45,1,45,1
"45","E12",29,"MST2021-088","3uL","QtyorID","Unknown",29,0.1208,"24.84","1.471e+004",0.981,-3.37,"qpcr944","MONIS6","AssID03","Psefar","plt01","qpcrrundate20220727",14710,"Psefar","MST2021-088",24.84,"MST2021088",NA,16.5,"2022-feb-01","2021-05-21","2021-05-20","2021-05-20","75",188,"MST-SX25",400,"MSTFYN",96700057,"KertemindeBugt",55.4392166666667,10.8276944444444,198,"MST2021088","MST2021088_2021-05-20","MST2021088::2021-05-20","MST2021088STEX25_03","janeRobertsen",NA,"Frigg","MST2021088STEX25_03","25_03",73.7,"MST2021088","ja",1600,FALSE,20,5,2021,NA,NA,45,1,45,1
"46","F04",14,"MST2021-040","3uL","QtyorID","Unknown",14,0.1208,"31.72","1.338e+002",0.981,-3.37,"qpcr944","MONIS6","AssID03","Psefar","plt01","qpcrrundate20220727",133.8,"Psefar","MST2021-040",31.72,"MST2021040",NA,4.92,"2021-dec-08","2021-09-22","2021-09-15","2021-09-15",NA,95,"MST-SX22",400,"MSToestjylland",93420310,"Tr3Fornaes",56.4437333333333,10.9524027777778,11,"MST2021040","MST2021040_2021-09-15","MST2021040::2021-09-15","MST2021040STEX22_09","JensDeding",NA,"Havana","MST2021040STEX22_09","22_09",15.7,"MST2021040","?",1270,FALSE,15,9,2021,NA,NA,26,1,26,1
"47","F05",14,"MST2021-040","3uL","QtyorID","Unknown",14,0.1208,"31.59","1.456e+002",0.981,-3.37,"qpcr944","MONIS6","AssID03","Psefar","plt01","qpcrrundate20220727",145.6,"Psefar","MST2021-040",31.59,"MST2021040",NA,4.92,"2021-dec-08","2021-09-22","2021-09-15","2021-09-15",NA,95,"MST-SX22",400,"MSToestjylland",93420310,"Tr3Fornaes",56.4437333333333,10.9524027777778,11,"MST2021040","MST2021040_2021-09-15","MST2021040::2021-09-15","MST2021040STEX22_09","JensDeding",NA,"Havana","MST2021040STEX22_09","22_09",15.7,"MST2021040","?",1270,FALSE,15,9,2021,NA,NA,26,1,26,1
"48","F06",14,"MST2021-040","3uL","QtyorID","Unknown",14,0.1208,"31.54","1.506e+002",0.981,-3.37,"qpcr944","MONIS6","AssID03","Psefar","plt01","qpcrrundate20220727",150.6,"Psefar","MST2021-040",31.54,"MST2021040",NA,4.92,"2021-dec-08","2021-09-22","2021-09-15","2021-09-15",NA,95,"MST-SX22",400,"MSToestjylland",93420310,"Tr3Fornaes",56.4437333333333,10.9524027777778,11,"MST2021040","MST2021040_2021-09-15","MST2021040::2021-09-15","MST2021040STEX22_09","JensDeding",NA,"Havana","MST2021040STEX22_09","22_09",15.7,"MST2021040","?",1270,FALSE,15,9,2021,NA,NA,26,1,26,1
"49","F07",22,"NEKfeb2022","3uL","QtyorID","Unknown",22,0.1208,"39.98","4.717e-001",0.981,-3.37,"qpcr944","MONIS6","AssID03","Psefar","plt01","qpcrrundate20220727",0.4717,"Psefar","NEKfeb2022",39.98,"NEKfeb2022",NA,NA,NA,NA,NA,NA,NA,NA,NA,NA,NA,NA,NA,NA,NA,NA,NA,NA,NA,NA,NA,NA,NA,NA,NA,NA,NA,NA,NA,NA,NA,NA,NA,NA,NA,48,1,48,1
"50","F08",22,"NEKfeb2022","3uL","QtyorID","Unknown",22,0.1208,"39.39","7.090e-001",0.981,-3.37,"qpcr944","MONIS6","AssID03","Psefar","plt01","qpcrrundate20220727",0.709,"Psefar","NEKfeb2022",39.39,"NEKfeb2022",NA,NA,NA,NA,NA,NA,NA,NA,NA,NA,NA,NA,NA,NA,NA,NA,NA,NA,NA,NA,NA,NA,NA,NA,NA,NA,NA,NA,NA,NA,NA,NA,NA,NA,NA,48,1,48,1
"51","F09",22,"NEKfeb2022","3uL","QtyorID","Unknown",22,0.1208,"NoCt","NoCt",0.981,-3.37,"qpcr944","MONIS6","AssID03","Psefar","plt01","qpcrrundate20220727",0,"Psefar","NEKfeb2022",0,"NEKfeb2022",NA,NA,NA,NA,NA,NA,NA,NA,NA,NA,NA,NA,NA,NA,NA,NA,NA,NA,NA,NA,NA,NA,NA,NA,NA,NA,NA,NA,NA,NA,NA,NA,NA,NA,NA,48,1,48,0
"52","F10",30,"MST2021-062","3uL","QtyorID","Unknown",30,0.1208,"19.18","7.046e+005",0.981,-3.37,"qpcr944","MONIS6","AssID03","Psefar","plt01","qpcrrundate20220727",704600,"Psefar","MST2021-062",19.18,"MST2021062",NA,19,"2022-feb-01","2021-05-21","2021-05-21","2021-05-21","12",1,"MST-SX25",400,"MSTFYN",95600002,"95600002_FYN6300043",54.9975833333333,10.1654166666667,361,"MST2021062","MST2021062_2021-05-21","MST2021062::2021-05-21","MST2021062STEX25_10","janeRobertsen",NA,"Frigg","MST2021062STEX25_10","25_10",112.2,"MST2021062","ja",1400,FALSE,21,5,2021,NA,NA,34,1,34,1
"53","F11",30,"MST2021-062","3uL","QtyorID","Unknown",30,0.1208,"19.21","6.897e+005",0.981,-3.37,"qpcr944","MONIS6","AssID03","Psefar","plt01","qpcrrundate20220727",689700,"Psefar","MST2021-062",19.21,"MST2021062",NA,19,"2022-feb-01","2021-05-21","2021-05-21","2021-05-21","12",1,"MST-SX25",400,"MSTFYN",95600002,"95600002_FYN6300043",54.9975833333333,10.1654166666667,361,"MST2021062","MST2021062_2021-05-21","MST2021062::2021-05-21","MST2021062STEX25_10","janeRobertsen",NA,"Frigg","MST2021062STEX25_10","25_10",112.2,"MST2021062","ja",1400,FALSE,21,5,2021,NA,NA,34,1,34,1
"54","F12",30,"MST2021-062","3uL","QtyorID","Unknown",30,0.1208,"19.21","6.906e+005",0.981,-3.37,"qpcr944","MONIS6","AssID03","Psefar","plt01","qpcrrundate20220727",690600,"Psefar","MST2021-062",19.21,"MST2021062",NA,19,"2022-feb-01","2021-05-21","2021-05-21","2021-05-21","12",1,"MST-SX25",400,"MSTFYN",95600002,"95600002_FYN6300043",54.9975833333333,10.1654166666667,361,"MST2021062","MST2021062_2021-05-21","MST2021062::2021-05-21","MST2021062STEX25_10","janeRobertsen",NA,"Frigg","MST2021062STEX25_10","25_10",112.2,"MST2021062","ja",1400,FALSE,21,5,2021,NA,NA,34,1,34,1
"55","G04",15,"MST2021-081","3uL","QtyorID","Unknown",15,0.1208,"NoCt","NoCt",0.981,-3.37,"qpcr944","MONIS6","AssID03","Psefar","plt01","qpcrrundate20220727",0,"Psefar","MST2021-081",0,"MST2021081","RIB1510007",3.54,"2021-nov-24","2021-09-21","2021-09-20","2021-09-20",NA,1,"MST-SX21",400,"Sydjylland",91500007,"Soenderhooest",55.3375166666667,8.35012777777778,63,"MST2021081","MST2021081_2021-09-20","MST2021081::2021-09-20","MST2021081STEX21_22","LasseoerstedJensen",NA,"Haig","MST2021081STEX21_22","21_22",16,"MST2021081","nej",1300,FALSE,20,9,2021,NA,NA,41,1,41,0
"56","G05",15,"MST2021-081","3uL","QtyorID","Unknown",15,0.1208,"NoCt","NoCt",0.981,-3.37,"qpcr944","MONIS6","AssID03","Psefar","plt01","qpcrrundate20220727",0,"Psefar","MST2021-081",0,"MST2021081","RIB1510007",3.54,"2021-nov-24","2021-09-21","2021-09-20","2021-09-20",NA,1,"MST-SX21",400,"Sydjylland",91500007,"Soenderhooest",55.3375166666667,8.35012777777778,63,"MST2021081","MST2021081_2021-09-20","MST2021081::2021-09-20","MST2021081STEX21_22","LasseoerstedJensen",NA,"Haig","MST2021081STEX21_22","21_22",16,"MST2021081","nej",1300,FALSE,20,9,2021,NA,NA,41,1,41,0
"57","G06",15,"MST2021-081","3uL","QtyorID","Unknown",15,0.1208,"NoCt","NoCt",0.981,-3.37,"qpcr944","MONIS6","AssID03","Psefar","plt01","qpcrrundate20220727",0,"Psefar","MST2021-081",0,"MST2021081","RIB1510007",3.54,"2021-nov-24","2021-09-21","2021-09-20","2021-09-20",NA,1,"MST-SX21",400,"Sydjylland",91500007,"Soenderhooest",55.3375166666667,8.35012777777778,63,"MST2021081","MST2021081_2021-09-20","MST2021081::2021-09-20","MST2021081STEX21_22","LasseoerstedJensen",NA,"Haig","MST2021081STEX21_22","21_22",16,"MST2021081","nej",1300,FALSE,20,9,2021,NA,NA,41,1,41,0
"58","G07",23,"MST1028","3uL","QtyorID","Unknown",23,0.1208,"36.50","5.09",0.981,-3.37,"qpcr944","MONIS6","AssID03","Psefar","plt01","qpcrrundate20220727",5.09,"Psefar","MST1028",36.5,"MST1028",NA,7.15,"2022-jan-06","2021-03-26","2021-03-15","2021-03-15","17",282,"MST-SX23",400,"MSTSYD",95700008,"FFSB0011",54.8341666666667,9.81666666666667,292,"MST1028","MST1028_2021-03-15","MST1028::2021-03-15","MST1028STEX23_11","RasmusBillegrav",NA,"LivII",NA,"23_11",27.8,"MST1028","ja",1600,FALSE,15,3,2021,NA,NA,4,1,4,1
"59","G08",23,"MST1028","3uL","QtyorID","Unknown",23,0.1208,"36.17","6.39",0.981,-3.37,"qpcr944","MONIS6","AssID03","Psefar","plt01","qpcrrundate20220727",6.39,"Psefar","MST1028",36.17,"MST1028",NA,7.15,"2022-jan-06","2021-03-26","2021-03-15","2021-03-15","17",282,"MST-SX23",400,"MSTSYD",95700008,"FFSB0011",54.8341666666667,9.81666666666667,292,"MST1028","MST1028_2021-03-15","MST1028::2021-03-15","MST1028STEX23_11","RasmusBillegrav",NA,"LivII",NA,"23_11",27.8,"MST1028","ja",1600,FALSE,15,3,2021,NA,NA,4,1,4,1
"60","G09",23,"MST1028","3uL","QtyorID","Unknown",23,0.1208,"36.42","5.36",0.981,-3.37,"qpcr944","MONIS6","AssID03","Psefar","plt01","qpcrrundate20220727",5.36,"Psefar","MST1028",36.42,"MST1028",NA,7.15,"2022-jan-06","2021-03-26","2021-03-15","2021-03-15","17",282,"MST-SX23",400,"MSTSYD",95700008,"FFSB0011",54.8341666666667,9.81666666666667,292,"MST1028","MST1028_2021-03-15","MST1028::2021-03-15","MST1028STEX23_11","RasmusBillegrav",NA,"LivII",NA,"23_11",27.8,"MST1028","ja",1600,FALSE,15,3,2021,NA,NA,4,1,4,1
"61","G10",31,"MST2021-051","3uL","QtyorID","Unknown",31,0.1208,"NoCt","NoCt",0.981,-3.37,"qpcr944","MONIS6","AssID03","Psefar","plt01","qpcrrundate20220727",0,"Psefar","MST2021-051",0,"MST2021051",NA,22.5,"2022-feb-01","2021-06-10","2021-06-04","2021-06-04",NA,1,"MST-SX25",400,"MSTNJL",93730002,"93730002_VIB3708_1",56.9543333333333,9.07075,7,"MST2021051","MST2021051_2021-06-04","MST2021051::2021-06-04","MST2021051STEX25_16","RasmusBillegrav",NA,"Frigg","MST2021051STEX25_16","25_16",150.8,"MST2021051","nej",1700,FALSE,4,6,2021,NA,NA,30,1,30,0
"62","G11",31,"MST2021-051","3uL","QtyorID","Unknown",31,0.1208,"NoCt","NoCt",0.981,-3.37,"qpcr944","MONIS6","AssID03","Psefar","plt01","qpcrrundate20220727",0,"Psefar","MST2021-051",0,"MST2021051",NA,22.5,"2022-feb-01","2021-06-10","2021-06-04","2021-06-04",NA,1,"MST-SX25",400,"MSTNJL",93730002,"93730002_VIB3708_1",56.9543333333333,9.07075,7,"MST2021051","MST2021051_2021-06-04","MST2021051::2021-06-04","MST2021051STEX25_16","RasmusBillegrav",NA,"Frigg","MST2021051STEX25_16","25_16",150.8,"MST2021051","nej",1700,FALSE,4,6,2021,NA,NA,30,1,30,0
"63","G12",31,"MST2021-051","3uL","QtyorID","Unknown",31,0.1208,"NoCt","NoCt",0.981,-3.37,"qpcr944","MONIS6","AssID03","Psefar","plt01","qpcrrundate20220727",0,"Psefar","MST2021-051",0,"MST2021051",NA,22.5,"2022-feb-01","2021-06-10","2021-06-04","2021-06-04",NA,1,"MST-SX25",400,"MSTNJL",93730002,"93730002_VIB3708_1",56.9543333333333,9.07075,7,"MST2021051","MST2021051_2021-06-04","MST2021051::2021-06-04","MST2021051STEX25_16","RasmusBillegrav",NA,"Frigg","MST2021051STEX25_16","25_16",150.8,"MST2021051","nej",1700,FALSE,4,6,2021,NA,NA,30,1,30,0
"64","H04",16,"MST2021-044","3uL","QtyorID","Unknown",16,0.1208,"33.50","3.952e+001",0.981,-3.37,"qpcr944","MONIS6","AssID03","Psefar","plt01","qpcrrundate20220727",39.52,"Psefar","MST2021-044",33.5,"MST2021044","RIB1510007",2.62,"2021-dec-08","2021-05-20","2021-05-19","2021-05-19",NA,1,"MST-SX22",400,"Sydjylland",91500007,"Soenderhooest",55.3375166666667,8.35012777777778,55,"MST2021044","MST2021044_2021-05-19","MST2021044::2021-05-19","MST2021044STEX22_11","LasseoerstedJensen",NA,"Haig","MST2021044STEX22_11","22_11",11,"MST2021044","nej",1200,FALSE,19,5,2021,NA,NA,28,1,28,1
"65","H05",16,"MST2021-044","3uL","QtyorID","Unknown",16,0.1208,"33.52","3.911e+001",0.981,-3.37,"qpcr944","MONIS6","AssID03","Psefar","plt01","qpcrrundate20220727",39.11,"Psefar","MST2021-044",33.52,"MST2021044","RIB1510007",2.62,"2021-dec-08","2021-05-20","2021-05-19","2021-05-19",NA,1,"MST-SX22",400,"Sydjylland",91500007,"Soenderhooest",55.3375166666667,8.35012777777778,55,"MST2021044","MST2021044_2021-05-19","MST2021044::2021-05-19","MST2021044STEX22_11","LasseoerstedJensen",NA,"Haig","MST2021044STEX22_11","22_11",11,"MST2021044","nej",1200,FALSE,19,5,2021,NA,NA,28,1,28,1
"66","H06",16,"MST2021-044","3uL","QtyorID","Unknown",16,0.1208,"33.26","4.664e+001",0.981,-3.37,"qpcr944","MONIS6","AssID03","Psefar","plt01","qpcrrundate20220727",46.64,"Psefar","MST2021-044",33.26,"MST2021044","RIB1510007",2.62,"2021-dec-08","2021-05-20","2021-05-19","2021-05-19",NA,1,"MST-SX22",400,"Sydjylland",91500007,"Soenderhooest",55.3375166666667,8.35012777777778,55,"MST2021044","MST2021044_2021-05-19","MST2021044::2021-05-19","MST2021044STEX22_11","LasseoerstedJensen",NA,"Haig","MST2021044STEX22_11","22_11",11,"MST2021044","nej",1200,FALSE,19,5,2021,NA,NA,28,1,28,1
"67","H07",24,"MST1027","3uL","QtyorID","Unknown",24,0.1208,"35.36","1.107e+001",0.981,-3.37,"qpcr944","MONIS6","AssID03","Psefar","plt01","qpcrrundate20220727",11.07,"Psefar","MST1027",35.36,"MST1027",NA,5.4,"2022-feb-01","2021-03-26","2021-03-19","2021-03-19","95",155,"MST-SX25",400,"MSTFYN",96510125,"Sydfynskeoehav_BF11",55.0262,10.3685111111111,165,"MST1027","MST1027_2021-03-19","MST1027::2021-03-19","MST1027STEX25_15","RasmusBillegrav",NA,"LivII",NA,"25_15",42,"MST1027","ja",1500,FALSE,19,3,2021,NA,NA,3,1,3,1
"68","H08",24,"MST1027","3uL","QtyorID","Unknown",24,0.1208,"36.15","6.47",0.981,-3.37,"qpcr944","MONIS6","AssID03","Psefar","plt01","qpcrrundate20220727",6.47,"Psefar","MST1027",36.15,"MST1027",NA,5.4,"2022-feb-01","2021-03-26","2021-03-19","2021-03-19","95",155,"MST-SX25",400,"MSTFYN",96510125,"Sydfynskeoehav_BF11",55.0262,10.3685111111111,165,"MST1027","MST1027_2021-03-19","MST1027::2021-03-19","MST1027STEX25_15","RasmusBillegrav",NA,"LivII",NA,"25_15",42,"MST1027","ja",1500,FALSE,19,3,2021,NA,NA,3,1,3,1
"69","H09",24,"MST1027","3uL","QtyorID","Unknown",24,0.1208,"35.63","9.26",0.981,-3.37,"qpcr944","MONIS6","AssID03","Psefar","plt01","qpcrrundate20220727",9.26,"Psefar","MST1027",35.63,"MST1027",NA,5.4,"2022-feb-01","2021-03-26","2021-03-19","2021-03-19","95",155,"MST-SX25",400,"MSTFYN",96510125,"Sydfynskeoehav_BF11",55.0262,10.3685111111111,165,"MST1027","MST1027_2021-03-19","MST1027::2021-03-19","MST1027STEX25_15","RasmusBillegrav",NA,"LivII",NA,"25_15",42,"MST1027","ja",1500,FALSE,19,3,2021,NA,NA,3,1,3,1
"70","H10",32,"MST2021-099","3uL","QtyorID","Unknown",32,0.1208,"25.95","6.897e+003",0.981,-3.37,"qpcr944","MONIS6","AssID03","Psefar","plt01","qpcrrundate20220727",6897,"Psefar","MST2021-099",25.95,"MST2021099",NA,5.4,"2022-jan-11","2021-08-25","2021-08-24","2021-08-24","3",1,"MST-SX24",400,"MSTOJL",94400007,"94400007_ARH170006",56.1544166666667,10.3166972222222,16,"MST2021099","MST2021099_2021-08-24","MST2021099::2021-08-24","MST2021099STEX24_19","RasmusBillegrav",NA,"Frigg","MST2021099STEX24_19","24_19",175.1,"MST2021099","ja",1500,FALSE,24,8,2021,NA,NA,47,1,47,1
"71","H11",32,"MST2021-099","3uL","QtyorID","Unknown",32,0.1208,"25.95","6.880e+003",0.981,-3.37,"qpcr944","MONIS6","AssID03","Psefar","plt01","qpcrrundate20220727",6880,"Psefar","MST2021-099",25.95,"MST2021099",NA,5.4,"2022-jan-11","2021-08-25","2021-08-24","2021-08-24","3",1,"MST-SX24",400,"MSTOJL",94400007,"94400007_ARH170006",56.1544166666667,10.3166972222222,16,"MST2021099","MST2021099_2021-08-24","MST2021099::2021-08-24","MST2021099STEX24_19","RasmusBillegrav",NA,"Frigg","MST2021099STEX24_19","24_19",175.1,"MST2021099","ja",1500,FALSE,24,8,2021,NA,NA,47,1,47,1
"72","H12",32,"MST2021-099","3uL","QtyorID","Unknown",32,0.1208,"25.98","6.742e+003",0.981,-3.37,"qpcr944","MONIS6","AssID03","Psefar","plt01","qpcrrundate20220727",6742,"Psefar","MST2021-099",25.98,"MST2021099",NA,5.4,"2022-jan-11","2021-08-25","2021-08-24","2021-08-24","3",1,"MST-SX24",400,"MSTOJL",94400007,"94400007_ARH170006",56.1544166666667,10.3166972222222,16,"MST2021099","MST2021099_2021-08-24","MST2021099::2021-08-24","MST2021099STEX24_19","RasmusBillegrav",NA,"Frigg","MST2021099STEX24_19","24_19",175.1,"MST2021099","ja",1500,FALSE,24,8,2021,NA,NA,47,1,47,1
"73","A04",9,"MST2021-058","3uL","QtyorID","Unknown",9,0.1419,"28.49","1.264e+003",0.997,-3.256,"qpcr945","MONIS6","AssID03","Psefar","plt02","qpcrrundate20220728",1264,"Psefar","MST2021-058",28.49,"MST2021058",NA,3.7,"2021-nov-24","2021-09-03","2021-08-30","2021-08-30","17",1,"MST-SX21",400,"MSTOJL",94300001,"94300001_VEJ0006870",55.6743833333333,10.0845083333333,194,"MST2021058","MST2021058_2021-08-30","MST2021058::2021-08-30","MST2021058STEX21_13","KRISTIANMCGREGOR",NA,"Frigg","MST2021058STEX21_13","21_13",100.7,"MST2021058","ja",1500,FALSE,30,8,2021,NA,NA,33,1,33,1
"74","A05",9,"MST2021-058","3uL","QtyorID","Unknown",9,0.1419,"28.61","1.162e+003",0.997,-3.256,"qpcr945","MONIS6","AssID03","Psefar","plt02","qpcrrundate20220728",1162,"Psefar","MST2021-058",28.61,"MST2021058",NA,3.7,"2021-nov-24","2021-09-03","2021-08-30","2021-08-30","17",1,"MST-SX21",400,"MSTOJL",94300001,"94300001_VEJ0006870",55.6743833333333,10.0845083333333,194,"MST2021058","MST2021058_2021-08-30","MST2021058::2021-08-30","MST2021058STEX21_13","KRISTIANMCGREGOR",NA,"Frigg","MST2021058STEX21_13","21_13",100.7,"MST2021058","ja",1500,FALSE,30,8,2021,NA,NA,33,1,33,1
"75","A06",9,"MST2021-058","3uL","QtyorID","Unknown",9,0.1419,"28.54","1.221e+003",0.997,-3.256,"qpcr945","MONIS6","AssID03","Psefar","plt02","qpcrrundate20220728",1221,"Psefar","MST2021-058",28.54,"MST2021058",NA,3.7,"2021-nov-24","2021-09-03","2021-08-30","2021-08-30","17",1,"MST-SX21",400,"MSTOJL",94300001,"94300001_VEJ0006870",55.6743833333333,10.0845083333333,194,"MST2021058","MST2021058_2021-08-30","MST2021058::2021-08-30","MST2021058STEX21_13","KRISTIANMCGREGOR",NA,"Frigg","MST2021058STEX21_13","21_13",100.7,"MST2021058","ja",1500,FALSE,30,8,2021,NA,NA,33,1,33,1
"76","A07",17,"MST2021-039","3uL","QtyorID","Unknown",17,0.1419,"NoCt","NoCt",0.997,-3.256,"qpcr945","MONIS6","AssID03","Psefar","plt02","qpcrrundate20220728",0,"Psefar","MST2021-039",0,"MST2021039",NA,2.72,"2021-dec-08","2021-05-20","2021-05-07","2021-05-07","7m",1,"MST-SX22",400,"MST_NJL",93610032,"MariagerFjord",56.6626666666667,9.96678333333333,27,"MST2021039","MST2021039_2021-05-07","MST2021039::2021-05-07","MST2021039STEX22_08","PHELD_ALKRI",NA,"Sif","MST2021039STEX22_08","22_08",92.8,"MST2021039","ja",1800,FALSE,7,5,2021,NA,NA,25,1,25,0
"77","A08",17,"MST2021-039","3uL","QtyorID","Unknown",17,0.1419,"NoCt","NoCt",0.997,-3.256,"qpcr945","MONIS6","AssID03","Psefar","plt02","qpcrrundate20220728",0,"Psefar","MST2021-039",0,"MST2021039",NA,2.72,"2021-dec-08","2021-05-20","2021-05-07","2021-05-07","7m",1,"MST-SX22",400,"MST_NJL",93610032,"MariagerFjord",56.6626666666667,9.96678333333333,27,"MST2021039","MST2021039_2021-05-07","MST2021039::2021-05-07","MST2021039STEX22_08","PHELD_ALKRI",NA,"Sif","MST2021039STEX22_08","22_08",92.8,"MST2021039","ja",1800,FALSE,7,5,2021,NA,NA,25,1,25,0
"78","A09",17,"MST2021-039","3uL","QtyorID","Unknown",17,0.1419,"NoCt","NoCt",0.997,-3.256,"qpcr945","MONIS6","AssID03","Psefar","plt02","qpcrrundate20220728",0,"Psefar","MST2021-039",0,"MST2021039",NA,2.72,"2021-dec-08","2021-05-20","2021-05-07","2021-05-07","7m",1,"MST-SX22",400,"MST_NJL",93610032,"MariagerFjord",56.6626666666667,9.96678333333333,27,"MST2021039","MST2021039_2021-05-07","MST2021039::2021-05-07","MST2021039STEX22_08","PHELD_ALKRI",NA,"Sif","MST2021039STEX22_08","22_08",92.8,"MST2021039","ja",1800,FALSE,7,5,2021,NA,NA,25,1,25,0
"79","A10",25,"MST2021-043","3uL","QtyorID","Unknown",25,0.1419,"24.53","2.088e+004",0.997,-3.256,"qpcr945","MONIS6","AssID03","Psefar","plt02","qpcrrundate20220728",20880,"Psefar","MST2021-043",24.53,"MST2021043","Dererkunenproevetilraadighed_proeve2erbortkommet",4.41,"2021-dec-08","2021-05-20","2021-05-17","2021-05-17","4",1,"MST-SX22",400,"MSTSJL",93000001,"VSJ20925",56.1316666666667,11.1513361111111,48,"MST2021043","MST2021043_2021-05-17","MST2021043::2021-05-17","MST2021043STEX22_10","alkri_nifso",NA,"Sif","MST2021043STEX22_10","22_10",10.6,"MST2021043","ja",1500,FALSE,17,5,2021,NA,NA,27,1,27,1
"80","A11",25,"MST2021-043","3uL","QtyorID","Unknown",25,0.1419,"24.79","1.734e+004",0.997,-3.256,"qpcr945","MONIS6","AssID03","Psefar","plt02","qpcrrundate20220728",17340,"Psefar","MST2021-043",24.79,"MST2021043","Dererkunenproevetilraadighed_proeve2erbortkommet",4.41,"2021-dec-08","2021-05-20","2021-05-17","2021-05-17","4",1,"MST-SX22",400,"MSTSJL",93000001,"VSJ20925",56.1316666666667,11.1513361111111,48,"MST2021043","MST2021043_2021-05-17","MST2021043::2021-05-17","MST2021043STEX22_10","alkri_nifso",NA,"Sif","MST2021043STEX22_10","22_10",10.6,"MST2021043","ja",1500,FALSE,17,5,2021,NA,NA,27,1,27,1
"81","A12",25,"MST2021-043","3uL","QtyorID","Unknown",25,0.1419,"24.81","1.710e+004",0.997,-3.256,"qpcr945","MONIS6","AssID03","Psefar","plt02","qpcrrundate20220728",17100,"Psefar","MST2021-043",24.81,"MST2021043","Dererkunenproevetilraadighed_proeve2erbortkommet",4.41,"2021-dec-08","2021-05-20","2021-05-17","2021-05-17","4",1,"MST-SX22",400,"MSTSJL",93000001,"VSJ20925",56.1316666666667,11.1513361111111,48,"MST2021043","MST2021043_2021-05-17","MST2021043::2021-05-17","MST2021043STEX22_10","alkri_nifso",NA,"Sif","MST2021043STEX22_10","22_10",10.6,"MST2021043","ja",1500,FALSE,17,5,2021,NA,NA,27,1,27,1
"82","B04",10,"MST2021-064","3uL","QtyorID","Unknown",10,0.1419,"40.47","2.645e-001",0.997,-3.256,"qpcr945","MONIS6","AssID03","Psefar","plt02","qpcrrundate20220728",0.2645,"Psefar","MST2021-064",40.47,"MST2021064","Breddegrad:56572400",2.96,"2021-nov-24","2021-09-08","2021-09-02","2021-09-02","na",1,"MST-SX21",400,"MSTNJL",93730002,"93730002_VIB3708_1",56.954,9.05020833333333,76,"MST2021064","MST2021064_2021-09-02","MST2021064::2021-09-02","MST2021064STEX21_15","kristianmcgregor",NA,"Frigg","MST2021064STEX21_15","21_15",173.7,"MST2021064","nej",700,FALSE,2,9,2021,NA,NA,35,1,35,1
"83","B05",10,"MST2021-064","3uL","QtyorID","Unknown",10,0.1419,"40.72","2.218e-001",0.997,-3.256,"qpcr945","MONIS6","AssID03","Psefar","plt02","qpcrrundate20220728",0.2218,"Psefar","MST2021-064",40.72,"MST2021064","Breddegrad:56572400",2.96,"2021-nov-24","2021-09-08","2021-09-02","2021-09-02","na",1,"MST-SX21",400,"MSTNJL",93730002,"93730002_VIB3708_1",56.954,9.05020833333333,76,"MST2021064","MST2021064_2021-09-02","MST2021064::2021-09-02","MST2021064STEX21_15","kristianmcgregor",NA,"Frigg","MST2021064STEX21_15","21_15",173.7,"MST2021064","nej",700,FALSE,2,9,2021,NA,NA,35,1,35,1
"84","B06",10,"MST2021-064","3uL","QtyorID","Unknown",10,0.1419,"NoCt","NoCt",0.997,-3.256,"qpcr945","MONIS6","AssID03","Psefar","plt02","qpcrrundate20220728",0,"Psefar","MST2021-064",0,"MST2021064","Breddegrad:56572400",2.96,"2021-nov-24","2021-09-08","2021-09-02","2021-09-02","na",1,"MST-SX21",400,"MSTNJL",93730002,"93730002_VIB3708_1",56.954,9.05020833333333,76,"MST2021064","MST2021064_2021-09-02","MST2021064::2021-09-02","MST2021064STEX21_15","kristianmcgregor",NA,"Frigg","MST2021064STEX21_15","21_15",173.7,"MST2021064","nej",700,FALSE,2,9,2021,NA,NA,35,1,35,0
"85","B07",18,"MST1054","3uL","QtyorID","Unknown",18,0.1419,"39.40","5.646e-001",0.997,-3.256,"qpcr945","MONIS6","AssID03","Psefar","plt02","qpcrrundate20220728",0.5646,"Psefar","MST1054",39.4,"MST1054",NA,6.85,"2022-jan-11","2021-05-31","2021-05-18","2021-05-18","38m",1,"MST-SX24",400,"MST_FYN",99000052,"DMU444_Arkona",55,13.3,48,"MST1054","MST1054_2021-05-18","MST1054::2021-05-18","MST1054STEX24_23","ALKRI_NIFSO",NA,"Sif",NA,"24_23",92,"MST1054","ja",1400,FALSE,18,5,2021,NA,NA,9,1,9,1
"86","B08",18,"MST1054","3uL","QtyorID","Unknown",18,0.1419,"NoCt","NoCt",0.997,-3.256,"qpcr945","MONIS6","AssID03","Psefar","plt02","qpcrrundate20220728",0,"Psefar","MST1054",0,"MST1054",NA,6.85,"2022-jan-11","2021-05-31","2021-05-18","2021-05-18","38m",1,"MST-SX24",400,"MST_FYN",99000052,"DMU444_Arkona",55,13.3,48,"MST1054","MST1054_2021-05-18","MST1054::2021-05-18","MST1054STEX24_23","ALKRI_NIFSO",NA,"Sif",NA,"24_23",92,"MST1054","ja",1400,FALSE,18,5,2021,NA,NA,9,1,9,0
"87","B09",18,"MST1054","3uL","QtyorID","Unknown",18,0.1419,"38.66","9.567e-001",0.997,-3.256,"qpcr945","MONIS6","AssID03","Psefar","plt02","qpcrrundate20220728",0.9567,"Psefar","MST1054",38.66,"MST1054",NA,6.85,"2022-jan-11","2021-05-31","2021-05-18","2021-05-18","38m",1,"MST-SX24",400,"MST_FYN",99000052,"DMU444_Arkona",55,13.3,48,"MST1054","MST1054_2021-05-18","MST1054::2021-05-18","MST1054STEX24_23","ALKRI_NIFSO",NA,"Sif",NA,"24_23",92,"MST1054","ja",1400,FALSE,18,5,2021,NA,NA,9,1,9,1
"88","B10",26,"MST2021-076","3uL","QtyorID","Unknown",26,0.1419,"39.34","5.905e-001",0.997,-3.256,"qpcr945","MONIS6","AssID03","Psefar","plt02","qpcrrundate20220728",0.5905,"Psefar","MST2021-076",39.34,"MST2021076",NA,7.4,"2022-feb-01","2021-09-08","2021-09-02","2021-09-02","42",1,"MST-SX25",400,"MSTFYN",99000052,"DMU444",54.9996666666667,13.3,457,"MST2021076","MST2021076_2021-09-02","MST2021076::2021-09-02","MST2021076STEX25_04","alkri",NA,"Sif","MST2021076STEX25_04","25_04",17.5,"MST2021076","ja",1800,FALSE,2,9,2021,NA,NA,39,1,39,1
"89","B11",26,"MST2021-076","3uL","QtyorID","Unknown",26,0.1419,"NoCt","NoCt",0.997,-3.256,"qpcr945","MONIS6","AssID03","Psefar","plt02","qpcrrundate20220728",0,"Psefar","MST2021-076",0,"MST2021076",NA,7.4,"2022-feb-01","2021-09-08","2021-09-02","2021-09-02","42",1,"MST-SX25",400,"MSTFYN",99000052,"DMU444",54.9996666666667,13.3,457,"MST2021076","MST2021076_2021-09-02","MST2021076::2021-09-02","MST2021076STEX25_04","alkri",NA,"Sif","MST2021076STEX25_04","25_04",17.5,"MST2021076","ja",1800,FALSE,2,9,2021,NA,NA,39,1,39,0
"90","B12",26,"MST2021-076","3uL","QtyorID","Unknown",26,0.1419,"41.00","1.829e-001",0.997,-3.256,"qpcr945","MONIS6","AssID03","Psefar","plt02","qpcrrundate20220728",0.1829,"Psefar","MST2021-076",41,"MST2021076",NA,7.4,"2022-feb-01","2021-09-08","2021-09-02","2021-09-02","42",1,"MST-SX25",400,"MSTFYN",99000052,"DMU444",54.9996666666667,13.3,457,"MST2021076","MST2021076_2021-09-02","MST2021076::2021-09-02","MST2021076STEX25_04","alkri",NA,"Sif","MST2021076STEX25_04","25_04",17.5,"MST2021076","ja",1800,FALSE,2,9,2021,NA,NA,39,1,39,1
"91","C04",11,"MST2021-079","3uL","QtyorID","Unknown",11,0.1419,"NoCt","NoCt",0.997,-3.256,"qpcr945","MONIS6","AssID03","Psefar","plt02","qpcrrundate20220728",0,"Psefar","MST2021-079",0,"MST2021079",NA,7.6,"2021-nov-24","2021-09-08","2021-09-06","2021-09-06","2",1,"MST-SX21",400,"MSTMJL",93740007,"93740007_VIB3727_1",56.6208333333333,9.06681944444444,51,"MST2021079","MST2021079_2021-09-06","MST2021079::2021-09-06","MST2021079STEX21_21","RasmusBillegrav",NA,"Frigg","MST2021079STEX21_21","21_21",173.5,"MST2021079","ja",1100,FALSE,6,9,2021,NA,NA,40,1,40,0
"92","C05",11,"MST2021-079","3uL","QtyorID","Unknown",11,0.1419,"NoCt","NoCt",0.997,-3.256,"qpcr945","MONIS6","AssID03","Psefar","plt02","qpcrrundate20220728",0,"Psefar","MST2021-079",0,"MST2021079",NA,7.6,"2021-nov-24","2021-09-08","2021-09-06","2021-09-06","2",1,"MST-SX21",400,"MSTMJL",93740007,"93740007_VIB3727_1",56.6208333333333,9.06681944444444,51,"MST2021079","MST2021079_2021-09-06","MST2021079::2021-09-06","MST2021079STEX21_21","RasmusBillegrav",NA,"Frigg","MST2021079STEX21_21","21_21",173.5,"MST2021079","ja",1100,FALSE,6,9,2021,NA,NA,40,1,40,0
"93","C06",11,"MST2021-079","3uL","QtyorID","Unknown",11,0.1419,"39.30","6.054e-001",0.997,-3.256,"qpcr945","MONIS6","AssID03","Psefar","plt02","qpcrrundate20220728",0.6054,"Psefar","MST2021-079",39.3,"MST2021079",NA,7.6,"2021-nov-24","2021-09-08","2021-09-06","2021-09-06","2",1,"MST-SX21",400,"MSTMJL",93740007,"93740007_VIB3727_1",56.6208333333333,9.06681944444444,51,"MST2021079","MST2021079_2021-09-06","MST2021079::2021-09-06","MST2021079STEX21_21","RasmusBillegrav",NA,"Frigg","MST2021079STEX21_21","21_21",173.5,"MST2021079","ja",1100,FALSE,6,9,2021,NA,NA,40,1,40,1
"94","C07",19,"MST2021-008","3uL","QtyorID","Unknown",19,0.1419,"36.51","4.38",0.997,-3.256,"qpcr945","MONIS6","AssID03","Psefar","plt02","qpcrrundate20220728",4.38,"Psefar","MST2021-008",36.51,"MST2021008",NA,9.1,"2022-jan-11","2021-05-31","2021-05-19","2021-05-19","86",1,"MST-SX24",400,"MST_SJL",97200002,"KBH431_Ven",55.8666666666667,12.75,55,"MST2021008","MST2021008_2021-05-19","MST2021008::2021-05-19","MST2021008STEX24_05","ALKRI_NIFSO",NA,"Sif","MST2021008STEX24_05","24_05",11.8,"MST2021008","ja",1300,FALSE,19,5,2021,NA,NA,13,1,13,1
"95","C08",19,"MST2021-008","3uL","QtyorID","Unknown",19,0.1419,"36.11","5.77",0.997,-3.256,"qpcr945","MONIS6","AssID03","Psefar","plt02","qpcrrundate20220728",5.77,"Psefar","MST2021-008",36.11,"MST2021008",NA,9.1,"2022-jan-11","2021-05-31","2021-05-19","2021-05-19","86",1,"MST-SX24",400,"MST_SJL",97200002,"KBH431_Ven",55.8666666666667,12.75,55,"MST2021008","MST2021008_2021-05-19","MST2021008::2021-05-19","MST2021008STEX24_05","ALKRI_NIFSO",NA,"Sif","MST2021008STEX24_05","24_05",11.8,"MST2021008","ja",1300,FALSE,19,5,2021,NA,NA,13,1,13,1
"96","C09",19,"MST2021-008","3uL","QtyorID","Unknown",19,0.1419,"37.76","1.81",0.997,-3.256,"qpcr945","MONIS6","AssID03","Psefar","plt02","qpcrrundate20220728",1.81,"Psefar","MST2021-008",37.76,"MST2021008",NA,9.1,"2022-jan-11","2021-05-31","2021-05-19","2021-05-19","86",1,"MST-SX24",400,"MST_SJL",97200002,"KBH431_Ven",55.8666666666667,12.75,55,"MST2021008","MST2021008_2021-05-19","MST2021008::2021-05-19","MST2021008STEX24_05","ALKRI_NIFSO",NA,"Sif","MST2021008STEX24_05","24_05",11.8,"MST2021008","ja",1300,FALSE,19,5,2021,NA,NA,13,1,13,1
"97","C10",27,"MST2021-029","3uL","QtyorID","Unknown",27,0.1419,"NoCt","NoCt",0.997,-3.256,"qpcr945","MONIS6","AssID03","Psefar","plt02","qpcrrundate20220728",0,"Psefar","MST2021-029",0,"MST2021029",NA,5.7,"2021-nov-24","2021-09-15","2021-09-07","2021-09-07","12",1,"MST-SX21",400,"MSTSJL",97200002,"KBH431",55.8616666666667,12.7336055555556,501,"MST2021029","MST2021029_2021-09-07","MST2021029::2021-09-07","MST2021029STEX21_07","alkri",NA,"Sif","MST2021029STEX21_07","21_07",17.1,"MST2021029","ja",1800,TRUE,7,9,2021,NA,NA,21,1,21,0
"98","C11",27,"MST2021-029","3uL","QtyorID","Unknown",27,0.1419,"NoCt","NoCt",0.997,-3.256,"qpcr945","MONIS6","AssID03","Psefar","plt02","qpcrrundate20220728",0,"Psefar","MST2021-029",0,"MST2021029",NA,5.7,"2021-nov-24","2021-09-15","2021-09-07","2021-09-07","12",1,"MST-SX21",400,"MSTSJL",97200002,"KBH431",55.8616666666667,12.7336055555556,501,"MST2021029","MST2021029_2021-09-07","MST2021029::2021-09-07","MST2021029STEX21_07","alkri",NA,"Sif","MST2021029STEX21_07","21_07",17.1,"MST2021029","ja",1800,TRUE,7,9,2021,NA,NA,21,1,21,0
"99","C12",27,"MST2021-029","3uL","QtyorID","Unknown",27,0.1419,"NoCt","NoCt",0.997,-3.256,"qpcr945","MONIS6","AssID03","Psefar","plt02","qpcrrundate20220728",0,"Psefar","MST2021-029",0,"MST2021029",NA,5.7,"2021-nov-24","2021-09-15","2021-09-07","2021-09-07","12",1,"MST-SX21",400,"MSTSJL",97200002,"KBH431",55.8616666666667,12.7336055555556,501,"MST2021029","MST2021029_2021-09-07","MST2021029::2021-09-07","MST2021029STEX21_07","alkri",NA,"Sif","MST2021029STEX21_07","21_07",17.1,"MST2021029","ja",1800,TRUE,7,9,2021,NA,NA,21,1,21,0
"100","D04",12,"MST2021-082","3uL","QtyorID","Unknown",12,0.1419,"28.48","1.272e+003",0.997,-3.256,"qpcr945","MONIS6","AssID03","Psefar","plt02","qpcrrundate20220728",1272,"Psefar","MST2021-082",28.48,"MST2021082",NA,4.09,"2021-nov-24","2021-09-08","2021-09-07","2021-09-07","4",1,"MST-SX21",400,"MSTNJL",93000005,"93000005_NOR409",56.8561,10.7845083333333,146,"MST2021082","MST2021082_2021-09-07","MST2021082::2021-09-07","MST2021082STEX21_23","RasmusBillegrav",NA,"Frigg","MST2021082STEX21_23","21_23",160.3,"MST2021082","ja",1500,FALSE,7,9,2021,NA,NA,42,1,42,1
"101","D05",12,"MST2021-082","3uL","QtyorID","Unknown",12,0.1419,"28.41","1.337e+003",0.997,-3.256,"qpcr945","MONIS6","AssID03","Psefar","plt02","qpcrrundate20220728",1337,"Psefar","MST2021-082",28.41,"MST2021082",NA,4.09,"2021-nov-24","2021-09-08","2021-09-07","2021-09-07","4",1,"MST-SX21",400,"MSTNJL",93000005,"93000005_NOR409",56.8561,10.7845083333333,146,"MST2021082","MST2021082_2021-09-07","MST2021082::2021-09-07","MST2021082STEX21_23","RasmusBillegrav",NA,"Frigg","MST2021082STEX21_23","21_23",160.3,"MST2021082","ja",1500,FALSE,7,9,2021,NA,NA,42,1,42,1
"102","D06",12,"MST2021-082","3uL","QtyorID","Unknown",12,0.1419,"28.47","1.285e+003",0.997,-3.256,"qpcr945","MONIS6","AssID03","Psefar","plt02","qpcrrundate20220728",1285,"Psefar","MST2021-082",28.47,"MST2021082",NA,4.09,"2021-nov-24","2021-09-08","2021-09-07","2021-09-07","4",1,"MST-SX21",400,"MSTNJL",93000005,"93000005_NOR409",56.8561,10.7845083333333,146,"MST2021082","MST2021082_2021-09-07","MST2021082::2021-09-07","MST2021082STEX21_23","RasmusBillegrav",NA,"Frigg","MST2021082STEX21_23","21_23",160.3,"MST2021082","ja",1500,FALSE,7,9,2021,NA,NA,42,1,42,1
"103","D07",20,"MST2021-019","3uL","QtyorID","Unknown",20,0.1419,"26.13","6.702e+003",0.997,-3.256,"qpcr945","MONIS6","AssID03","Psefar","plt02","qpcrrundate20220728",6702,"Psefar","MST2021-019",26.13,"MST2021019",NA,3.86,"2022-jan-11","2021-05-31","2021-05-25","2021-05-25","11m",1,"MST-SX24",400,"MST_NJL",93000005,"NOR409_aalborgBugt",56.8566666666667,10.7834722222222,146,"MST2021019","MST2021019_2021-05-25","MST2021019::2021-05-25","MST2021019STEX24_21","ALKRI_NICRA",NA,"Sif","MST2021019STEX24_21","24_21",88,"MST2021019","ja",1650,TRUE,25,5,2021,NA,NA,18,1,18,1
"104","D08",20,"MST2021-019","3uL","QtyorID","Unknown",20,0.1419,"26.15","6.625e+003",0.997,-3.256,"qpcr945","MONIS6","AssID03","Psefar","plt02","qpcrrundate20220728",6625,"Psefar","MST2021-019",26.15,"MST2021019",NA,3.86,"2022-jan-11","2021-05-31","2021-05-25","2021-05-25","11m",1,"MST-SX24",400,"MST_NJL",93000005,"NOR409_aalborgBugt",56.8566666666667,10.7834722222222,146,"MST2021019","MST2021019_2021-05-25","MST2021019::2021-05-25","MST2021019STEX24_21","ALKRI_NICRA",NA,"Sif","MST2021019STEX24_21","24_21",88,"MST2021019","ja",1650,TRUE,25,5,2021,NA,NA,18,1,18,1
"105","D09",20,"MST2021-019","3uL","QtyorID","Unknown",20,0.1419,"26.20","6.406e+003",0.997,-3.256,"qpcr945","MONIS6","AssID03","Psefar","plt02","qpcrrundate20220728",6406,"Psefar","MST2021-019",26.2,"MST2021019",NA,3.86,"2022-jan-11","2021-05-31","2021-05-25","2021-05-25","11m",1,"MST-SX24",400,"MST_NJL",93000005,"NOR409_aalborgBugt",56.8566666666667,10.7834722222222,146,"MST2021019","MST2021019_2021-05-25","MST2021019::2021-05-25","MST2021019STEX24_21","ALKRI_NICRA",NA,"Sif","MST2021019STEX24_21","24_21",88,"MST2021019","ja",1650,TRUE,25,5,2021,NA,NA,18,1,18,1
"106","D10",28,"MST2021-083","3uL","QtyorID","Unknown",28,0.1419,"38.24","1.28",0.997,-3.256,"qpcr945","MONIS6","AssID03","Psefar","plt02","qpcrrundate20220728",1.28,"Psefar","MST2021-083",38.24,"MST2021083",NA,7.8,"2022-jan-11","2021-10-29","2021-10-22","2021-10-22","12",1,"MST-SX24",400,"MSTFYN",95600002,"FYN6300043",54.9976833333333,10.1517305555556,34,"MST2021083","MST2021083_2021-10-22","MST2021083::2021-10-22","MST2021083STEX24_03","alkri",NA,"Sif","MST2021083STEX24_03","24_03",12.5,"MST2021083","ja",1500,FALSE,22,10,2021,NA,NA,43,1,43,1
"107","D11",28,"MST2021-083","3uL","QtyorID","Unknown",28,0.1419,"38.35","1.19",0.997,-3.256,"qpcr945","MONIS6","AssID03","Psefar","plt02","qpcrrundate20220728",1.19,"Psefar","MST2021-083",38.35,"MST2021083",NA,7.8,"2022-jan-11","2021-10-29","2021-10-22","2021-10-22","12",1,"MST-SX24",400,"MSTFYN",95600002,"FYN6300043",54.9976833333333,10.1517305555556,34,"MST2021083","MST2021083_2021-10-22","MST2021083::2021-10-22","MST2021083STEX24_03","alkri",NA,"Sif","MST2021083STEX24_03","24_03",12.5,"MST2021083","ja",1500,FALSE,22,10,2021,NA,NA,43,1,43,1
"108","D12",28,"MST2021-083","3uL","QtyorID","Unknown",28,0.1419,"37.69","1.89",0.997,-3.256,"qpcr945","MONIS6","AssID03","Psefar","plt02","qpcrrundate20220728",1.89,"Psefar","MST2021-083",37.69,"MST2021083",NA,7.8,"2022-jan-11","2021-10-29","2021-10-22","2021-10-22","12",1,"MST-SX24",400,"MSTFYN",95600002,"FYN6300043",54.9976833333333,10.1517305555556,34,"MST2021083","MST2021083_2021-10-22","MST2021083::2021-10-22","MST2021083STEX24_03","alkri",NA,"Sif","MST2021083STEX24_03","24_03",12.5,"MST2021083","ja",1500,FALSE,22,10,2021,NA,NA,43,1,43,1
"109","E04",13,"MST2021-070","3uL","QtyorID","Unknown",13,0.1419,"NoCt","NoCt",0.997,-3.256,"qpcr945","MONIS6","AssID03","Psefar","plt02","qpcrrundate20220728",0,"Psefar","MST2021-070",0,"MST2021070",NA,9.1,"2022-jan-11","2021-10-27","2021-10-26","2021-10-26","86",1,"MST-SX24",400,"MSTNJL",93610032,"93610032",56.6626666666667,9.96678333333333,28,"MST2021070","MST2021070_2021-10-26","MST2021070::2021-10-26","MST2021070STEX24_16","RasmusBillegrav",NA,"Frigg","MST2021070STEX24_16","24_16",107.4,"MST2021070","ja",1200,FALSE,26,10,2021,NA,NA,36,1,36,0
"110","E05",13,"MST2021-070","3uL","QtyorID","Unknown",13,0.1419,"NoCt","NoCt",0.997,-3.256,"qpcr945","MONIS6","AssID03","Psefar","plt02","qpcrrundate20220728",0,"Psefar","MST2021-070",0,"MST2021070",NA,9.1,"2022-jan-11","2021-10-27","2021-10-26","2021-10-26","86",1,"MST-SX24",400,"MSTNJL",93610032,"93610032",56.6626666666667,9.96678333333333,28,"MST2021070","MST2021070_2021-10-26","MST2021070::2021-10-26","MST2021070STEX24_16","RasmusBillegrav",NA,"Frigg","MST2021070STEX24_16","24_16",107.4,"MST2021070","ja",1200,FALSE,26,10,2021,NA,NA,36,1,36,0
"111","E06",13,"MST2021-070","3uL","QtyorID","Unknown",13,0.1419,"NoCt","NoCt",0.997,-3.256,"qpcr945","MONIS6","AssID03","Psefar","plt02","qpcrrundate20220728",0,"Psefar","MST2021-070",0,"MST2021070",NA,9.1,"2022-jan-11","2021-10-27","2021-10-26","2021-10-26","86",1,"MST-SX24",400,"MSTNJL",93610032,"93610032",56.6626666666667,9.96678333333333,28,"MST2021070","MST2021070_2021-10-26","MST2021070::2021-10-26","MST2021070STEX24_16","RasmusBillegrav",NA,"Frigg","MST2021070STEX24_16","24_16",107.4,"MST2021070","ja",1200,FALSE,26,10,2021,NA,NA,36,1,36,0
"112","E07",21,"MST2021-030","3uL","QtyorID","Unknown",21,0.1419,"NoCt","NoCt",0.997,-3.256,"qpcr945","MONIS6","AssID03","Psefar","plt02","qpcrrundate20220728",0,"Psefar","MST2021-030",0,"MST2021030",NA,4.07,"2021-nov-24","2021-05-31","2021-05-26","2021-05-26","N_A",1,"MST-SX21",400,"MST_MJL",93740007,"SkiveFjord",56.6208333333333,9.06681944444444,5,"MST2021030","MST2021030_2021-05-26","MST2021030::2021-05-26","MST2021030STEX21_08","PHELD_NICRA",NA,"Sif","MST2021030STEX21_08","21_08",115.9,"MST2021030","nej",1600,TRUE,26,5,2021,NA,NA,22,1,22,0
"113","E08",21,"MST2021-030","3uL","QtyorID","Unknown",21,0.1419,"NoCt","NoCt",0.997,-3.256,"qpcr945","MONIS6","AssID03","Psefar","plt02","qpcrrundate20220728",0,"Psefar","MST2021-030",0,"MST2021030",NA,4.07,"2021-nov-24","2021-05-31","2021-05-26","2021-05-26","N_A",1,"MST-SX21",400,"MST_MJL",93740007,"SkiveFjord",56.6208333333333,9.06681944444444,5,"MST2021030","MST2021030_2021-05-26","MST2021030::2021-05-26","MST2021030STEX21_08","PHELD_NICRA",NA,"Sif","MST2021030STEX21_08","21_08",115.9,"MST2021030","nej",1600,TRUE,26,5,2021,NA,NA,22,1,22,0
"114","E09",21,"MST2021-030","3uL","QtyorID","Unknown",21,0.1419,"NoCt","NoCt",0.997,-3.256,"qpcr945","MONIS6","AssID03","Psefar","plt02","qpcrrundate20220728",0,"Psefar","MST2021-030",0,"MST2021030",NA,4.07,"2021-nov-24","2021-05-31","2021-05-26","2021-05-26","N_A",1,"MST-SX21",400,"MST_MJL",93740007,"SkiveFjord",56.6208333333333,9.06681944444444,5,"MST2021030","MST2021030_2021-05-26","MST2021030::2021-05-26","MST2021030STEX21_08","PHELD_NICRA",NA,"Sif","MST2021030STEX21_08","21_08",115.9,"MST2021030","nej",1600,TRUE,26,5,2021,NA,NA,22,1,22,0
"115","E10",29,"MST2021-006","3uL","QtyorID","Unknown",29,0.1419,"35.90","6.71",0.997,-3.256,"qpcr945","MONIS6","AssID03","Psefar","plt02","qpcrrundate20220728",6.71,"Psefar","MST2021-006",35.9,"MST2021006",NA,7.65,"2022-jan-11","2021-08-25","2021-08-24","2021-08-24","_",96,"MST-SX24",400,"MSTSTO",99210007,"1001027Hovedeskov",54.7410833333333,12.0851805555556,106,"MST2021006","MST2021006_2021-08-24","MST2021006::2021-08-24","MST2021006STEX24_13","NicolaiEspenhainAnker",NA,"ABRA","MST2021006STEX24_13","24_13",17.3,"MST2021006","nej",1400,TRUE,24,8,2021,NA,NA,12,1,12,1
"116","E11",29,"MST2021-006","3uL","QtyorID","Unknown",29,0.1419,"36.30","5.05",0.997,-3.256,"qpcr945","MONIS6","AssID03","Psefar","plt02","qpcrrundate20220728",5.05,"Psefar","MST2021-006",36.3,"MST2021006",NA,7.65,"2022-jan-11","2021-08-25","2021-08-24","2021-08-24","_",96,"MST-SX24",400,"MSTSTO",99210007,"1001027Hovedeskov",54.7410833333333,12.0851805555556,106,"MST2021006","MST2021006_2021-08-24","MST2021006::2021-08-24","MST2021006STEX24_13","NicolaiEspenhainAnker",NA,"ABRA","MST2021006STEX24_13","24_13",17.3,"MST2021006","nej",1400,TRUE,24,8,2021,NA,NA,12,1,12,1
"117","E12",29,"MST2021-006","3uL","QtyorID","Unknown",29,0.1419,"37.03","3.02",0.997,-3.256,"qpcr945","MONIS6","AssID03","Psefar","plt02","qpcrrundate20220728",3.02,"Psefar","MST2021-006",37.03,"MST2021006",NA,7.65,"2022-jan-11","2021-08-25","2021-08-24","2021-08-24","_",96,"MST-SX24",400,"MSTSTO",99210007,"1001027Hovedeskov",54.7410833333333,12.0851805555556,106,"MST2021006","MST2021006_2021-08-24","MST2021006::2021-08-24","MST2021006STEX24_13","NicolaiEspenhainAnker",NA,"ABRA","MST2021006STEX24_13","24_13",17.3,"MST2021006","nej",1400,TRUE,24,8,2021,NA,NA,12,1,12,1
"118","F04",14,"MST1043","3uL","QtyorID","Unknown",14,0.1419,"26.56","4.957e+003",0.997,-3.256,"qpcr945","MONIS6","AssID03","Psefar","plt02","qpcrrundate20220728",4957,"Psefar","MST1043",26.56,"MST1043",NA,3.06,"2022-jan-06","2021-04-12","2021-04-06","2021-04-06",NA,11,"MST-SX23",400,"MSTOJL",93500119,"Hevringbugt",56.6261666666667,10.3204,12,"MST1043","MST1043_2021-04-06","MST1043::2021-04-06","MST1043STEX23_02","JOCTH",NA,"Musling",NA,"23_02",64.3,"MST1043","nej",1500,FALSE,6,4,2021,NA,NA,8,1,8,1
"119","F05",14,"MST1043","3uL","QtyorID","Unknown",14,0.1419,"26.57","4.921e+003",0.997,-3.256,"qpcr945","MONIS6","AssID03","Psefar","plt02","qpcrrundate20220728",4921,"Psefar","MST1043",26.57,"MST1043",NA,3.06,"2022-jan-06","2021-04-12","2021-04-06","2021-04-06",NA,11,"MST-SX23",400,"MSTOJL",93500119,"Hevringbugt",56.6261666666667,10.3204,12,"MST1043","MST1043_2021-04-06","MST1043::2021-04-06","MST1043STEX23_02","JOCTH",NA,"Musling",NA,"23_02",64.3,"MST1043","nej",1500,FALSE,6,4,2021,NA,NA,8,1,8,1
"120","F06",14,"MST1043","3uL","QtyorID","Unknown",14,0.1419,"26.79","4.225e+003",0.997,-3.256,"qpcr945","MONIS6","AssID03","Psefar","plt02","qpcrrundate20220728",4225,"Psefar","MST1043",26.79,"MST1043",NA,3.06,"2022-jan-06","2021-04-12","2021-04-06","2021-04-06",NA,11,"MST-SX23",400,"MSTOJL",93500119,"Hevringbugt",56.6261666666667,10.3204,12,"MST1043","MST1043_2021-04-06","MST1043::2021-04-06","MST1043STEX23_02","JOCTH",NA,"Musling",NA,"23_02",64.3,"MST1043","nej",1500,FALSE,6,4,2021,NA,NA,8,1,8,1
"121","F07",22,"MST2021-055","3uL","QtyorID","Unknown",22,0.1419,"NoCt","NoCt",0.997,-3.256,"qpcr945","MONIS6","AssID03","Psefar","plt02","qpcrrundate20220728",0,"Psefar","MST2021-055",0,"MST2021055",NA,5.3,"2021-nov-24","2021-09-15","2021-09-14","2021-09-14","24",1,"MST-SX21",400,"STO",99000049,"99000049",55.25,15.9833333333333,909,"MST2021055","MST2021055_2021-09-14","MST2021055::2021-09-14","MST2021055STEX21_12","krmsk",NA,"sif","MST2021055STEX21_12","21_12",169.3,"MST2021055","ja",1500,FALSE,14,9,2021,NA,NA,32,1,32,0
"122","F08",22,"MST2021-055","3uL","QtyorID","Unknown",22,0.1419,"NoCt","NoCt",0.997,-3.256,"qpcr945","MONIS6","AssID03","Psefar","plt02","qpcrrundate20220728",0,"Psefar","MST2021-055",0,"MST2021055",NA,5.3,"2021-nov-24","2021-09-15","2021-09-14","2021-09-14","24",1,"MST-SX21",400,"STO",99000049,"99000049",55.25,15.9833333333333,909,"MST2021055","MST2021055_2021-09-14","MST2021055::2021-09-14","MST2021055STEX21_12","krmsk",NA,"sif","MST2021055STEX21_12","21_12",169.3,"MST2021055","ja",1500,FALSE,14,9,2021,NA,NA,32,1,32,0
"123","F09",22,"MST2021-055","3uL","QtyorID","Unknown",22,0.1419,"NoCt","NoCt",0.997,-3.256,"qpcr945","MONIS6","AssID03","Psefar","plt02","qpcrrundate20220728",0,"Psefar","MST2021-055",0,"MST2021055",NA,5.3,"2021-nov-24","2021-09-15","2021-09-14","2021-09-14","24",1,"MST-SX21",400,"STO",99000049,"99000049",55.25,15.9833333333333,909,"MST2021055","MST2021055_2021-09-14","MST2021055::2021-09-14","MST2021055STEX21_12","krmsk",NA,"sif","MST2021055STEX21_12","21_12",169.3,"MST2021055","ja",1500,FALSE,14,9,2021,NA,NA,32,1,32,0
"124","F10",30,"MST2021-011","3uL","QtyorID","Unknown",30,0.1419,"33.84","2.887e+001",0.997,-3.256,"qpcr945","MONIS6","AssID03","Psefar","plt02","qpcrrundate20220728",28.87,"Psefar","MST2021-011",33.84,"MST2021011",NA,4.23,"2021-dec-08","2021-08-03","2021-08-31","2021-08-31","_",4.1e+16,"MST-SX22",400,"MSTSTO",98210012,"0401011FemerenBaeltVest",54.73475,11.0846527777778,51,"MST2021011","MST2021011_2021-08-31","MST2021011::2021-08-31","MST2021011STEX22_05","NicolaiEspenhainAnker",NA,"ABRA","MST2021011STEX22_05","22_05",170.9,"MST2021011","nej",1500,TRUE,31,8,2021,NA,NA,14,1,14,1
"125","F11",30,"MST2021-011","3uL","QtyorID","Unknown",30,0.1419,"34.09","2.410e+001",0.997,-3.256,"qpcr945","MONIS6","AssID03","Psefar","plt02","qpcrrundate20220728",24.1,"Psefar","MST2021-011",34.09,"MST2021011",NA,4.23,"2021-dec-08","2021-08-03","2021-08-31","2021-08-31","_",4.1e+16,"MST-SX22",400,"MSTSTO",98210012,"0401011FemerenBaeltVest",54.73475,11.0846527777778,51,"MST2021011","MST2021011_2021-08-31","MST2021011::2021-08-31","MST2021011STEX22_05","NicolaiEspenhainAnker",NA,"ABRA","MST2021011STEX22_05","22_05",170.9,"MST2021011","nej",1500,TRUE,31,8,2021,NA,NA,14,1,14,1
"126","F12",30,"MST2021-011","3uL","QtyorID","Unknown",30,0.1419,"33.92","2.729e+001",0.997,-3.256,"qpcr945","MONIS6","AssID03","Psefar","plt02","qpcrrundate20220728",27.29,"Psefar","MST2021-011",33.92,"MST2021011",NA,4.23,"2021-dec-08","2021-08-03","2021-08-31","2021-08-31","_",4.1e+16,"MST-SX22",400,"MSTSTO",98210012,"0401011FemerenBaeltVest",54.73475,11.0846527777778,51,"MST2021011","MST2021011_2021-08-31","MST2021011::2021-08-31","MST2021011STEX22_05","NicolaiEspenhainAnker",NA,"ABRA","MST2021011STEX22_05","22_05",170.9,"MST2021011","nej",1500,TRUE,31,8,2021,NA,NA,14,1,14,1
"127","G04",15,"MST1024","3uL","QtyorID","Unknown",15,0.1419,"35.85","6.95",0.997,-3.256,"qpcr945","MONIS6","AssID03","Psefar","plt02","qpcrrundate20220728",6.95,"Psefar","MST1024",35.85,"MST1024",NA,1,"2022-jan-06","2021-04-19","2021-04-15","2021-04-15",NA,5,"MST-SX23",400,"MSTMJL",93770056,"NissumBredning",56.6008333333333,8.400225,6,"MST1024","MST1024_2021-04-15","MST1024::2021-04-15","MST1024STEX23_14","JOCTH",NA,"Musling",NA,"23_14",69,"MST1024","nej",1500,FALSE,15,4,2021,NA,NA,2,1,2,1
"128","G05",15,"MST1024","3uL","QtyorID","Unknown",15,0.1419,"35.03","1.242e+001",0.997,-3.256,"qpcr945","MONIS6","AssID03","Psefar","plt02","qpcrrundate20220728",12.42,"Psefar","MST1024",35.03,"MST1024",NA,1,"2022-jan-06","2021-04-19","2021-04-15","2021-04-15",NA,5,"MST-SX23",400,"MSTMJL",93770056,"NissumBredning",56.6008333333333,8.400225,6,"MST1024","MST1024_2021-04-15","MST1024::2021-04-15","MST1024STEX23_14","JOCTH",NA,"Musling",NA,"23_14",69,"MST1024","nej",1500,FALSE,15,4,2021,NA,NA,2,1,2,1
"129","G06",15,"MST1024","3uL","QtyorID","Unknown",15,0.1419,"36.27","5.16",0.997,-3.256,"qpcr945","MONIS6","AssID03","Psefar","plt02","qpcrrundate20220728",5.16,"Psefar","MST1024",36.27,"MST1024",NA,1,"2022-jan-06","2021-04-19","2021-04-15","2021-04-15",NA,5,"MST-SX23",400,"MSTMJL",93770056,"NissumBredning",56.6008333333333,8.400225,6,"MST1024","MST1024_2021-04-15","MST1024::2021-04-15","MST1024STEX23_14","JOCTH",NA,"Musling",NA,"23_14",69,"MST1024","nej",1500,FALSE,15,4,2021,NA,NA,2,1,2,1
"130","G07",23,"MST2021-085","3uL","QtyorID","Unknown",23,0.1419,"26.78","4.233e+003",0.997,-3.256,"qpcr945","MONIS6","AssID03","Psefar","plt02","qpcrrundate20220728",4233,"Psefar","MST2021-085",26.78,"MST2021085",NA,3.26,"2021-nov-24","2021-09-22","2021-09-16","2021-09-16","8.8E+016",1,"MST-SX21",400,"SJL",93000001,"93000001",56.1305,11.1501055555556,439,"MST2021085","MST2021085_2021-09-16","MST2021085::2021-09-16","MST2021085STEX21_24","krmsk",NA,"sif","MST2021085STEX21_24","21_24",173.2,"MST2021085","ja",1700,FALSE,16,9,2021,NA,NA,44,1,44,1
"131","G08",23,"MST2021-085","3uL","QtyorID","Unknown",23,0.1419,"26.87","3.997e+003",0.997,-3.256,"qpcr945","MONIS6","AssID03","Psefar","plt02","qpcrrundate20220728",3997,"Psefar","MST2021-085",26.87,"MST2021085",NA,3.26,"2021-nov-24","2021-09-22","2021-09-16","2021-09-16","8.8E+016",1,"MST-SX21",400,"SJL",93000001,"93000001",56.1305,11.1501055555556,439,"MST2021085","MST2021085_2021-09-16","MST2021085::2021-09-16","MST2021085STEX21_24","krmsk",NA,"sif","MST2021085STEX21_24","21_24",173.2,"MST2021085","ja",1700,FALSE,16,9,2021,NA,NA,44,1,44,1
"132","G09",23,"MST2021-085","3uL","QtyorID","Unknown",23,0.1419,"26.88","3.968e+003",0.997,-3.256,"qpcr945","MONIS6","AssID03","Psefar","plt02","qpcrrundate20220728",3968,"Psefar","MST2021-085",26.88,"MST2021085",NA,3.26,"2021-nov-24","2021-09-22","2021-09-16","2021-09-16","8.8E+016",1,"MST-SX21",400,"SJL",93000001,"93000001",56.1305,11.1501055555556,439,"MST2021085","MST2021085_2021-09-16","MST2021085::2021-09-16","MST2021085STEX21_24","krmsk",NA,"sif","MST2021085STEX21_24","21_24",173.2,"MST2021085","ja",1700,FALSE,16,9,2021,NA,NA,44,1,44,1
"133","G10",31,"MST2021-002","3uL","QtyorID","Unknown",31,0.1419,"33.72","3.139e+001",0.997,-3.256,"qpcr945","MONIS6","AssID03","Psefar","plt02","qpcrrundate20220728",31.39,"Psefar","MST2021-002",33.72,"MST2021002",NA,5.4,"2021-dec-08","2021-07-08","2021-07-07","2021-07-07","_",57,"MST-SX22",400,"MSTSTO",96220363,"0101142EnoeNor",55.15755,11.6357944444444,67,"MST2021002","MST2021002_2021-07-07","MST2021002::2021-07-07","MST2021002STEX22_04","jakobOleLarsen",NA,"ABRA","MST2021002STEX22_04","22_04",20.4,"MST2021002","nej",1000,TRUE,7,7,2021,NA,NA,10,1,10,1
"134","G11",31,"MST2021-002","3uL","QtyorID","Unknown",31,0.1419,"35.01","1.261e+001",0.997,-3.256,"qpcr945","MONIS6","AssID03","Psefar","plt02","qpcrrundate20220728",12.61,"Psefar","MST2021-002",35.01,"MST2021002",NA,5.4,"2021-dec-08","2021-07-08","2021-07-07","2021-07-07","_",57,"MST-SX22",400,"MSTSTO",96220363,"0101142EnoeNor",55.15755,11.6357944444444,67,"MST2021002","MST2021002_2021-07-07","MST2021002::2021-07-07","MST2021002STEX22_04","jakobOleLarsen",NA,"ABRA","MST2021002STEX22_04","22_04",20.4,"MST2021002","nej",1000,TRUE,7,7,2021,NA,NA,10,1,10,1
"135","G12",31,"MST2021-002","3uL","QtyorID","Unknown",31,0.1419,"34.59","1.691e+001",0.997,-3.256,"qpcr945","MONIS6","AssID03","Psefar","plt02","qpcrrundate20220728",16.91,"Psefar","MST2021-002",34.59,"MST2021002",NA,5.4,"2021-dec-08","2021-07-08","2021-07-07","2021-07-07","_",57,"MST-SX22",400,"MSTSTO",96220363,"0101142EnoeNor",55.15755,11.6357944444444,67,"MST2021002","MST2021002_2021-07-07","MST2021002::2021-07-07","MST2021002STEX22_04","jakobOleLarsen",NA,"ABRA","MST2021002STEX22_04","22_04",20.4,"MST2021002","nej",1000,TRUE,7,7,2021,NA,NA,10,1,10,1
"136","H04",16,"MST1031","3uL","QtyorID","Unknown",16,0.1419,"28.64","1.136e+003",0.997,-3.256,"qpcr945","MONIS6","AssID03","Psefar","plt02","qpcrrundate20220728",1136,"Psefar","MST1031",28.64,"MST1031",NA,17.5,"2022-feb-01","2021-03-26","2021-03-17","2021-03-17","Ingenlagdeling",89,"MST-SX25",400,"MST_SJL",93210013,"Isefjordydre",55.8656666666667,11.7835111111111,105,"MST1031","MST1031_2021-03-17","MST1031::2021-03-17","MST1031STEX25_11","PHELD_NIFSO",NA,"Daphne",NA,"25_11",33.6,"MST1031","nej",1500,FALSE,17,3,2021,NA,NA,5,1,5,1
"137","H05",16,"MST1031","3uL","QtyorID","Unknown",16,0.1419,"28.75","1.056e+003",0.997,-3.256,"qpcr945","MONIS6","AssID03","Psefar","plt02","qpcrrundate20220728",1056,"Psefar","MST1031",28.75,"MST1031",NA,17.5,"2022-feb-01","2021-03-26","2021-03-17","2021-03-17","Ingenlagdeling",89,"MST-SX25",400,"MST_SJL",93210013,"Isefjordydre",55.8656666666667,11.7835111111111,105,"MST1031","MST1031_2021-03-17","MST1031::2021-03-17","MST1031STEX25_11","PHELD_NIFSO",NA,"Daphne",NA,"25_11",33.6,"MST1031","nej",1500,FALSE,17,3,2021,NA,NA,5,1,5,1
"138","H06",16,"MST1031","3uL","QtyorID","Unknown",16,0.1419,"28.93","9.293e+002",0.997,-3.256,"qpcr945","MONIS6","AssID03","Psefar","plt02","qpcrrundate20220728",929.3,"Psefar","MST1031",28.93,"MST1031",NA,17.5,"2022-feb-01","2021-03-26","2021-03-17","2021-03-17","Ingenlagdeling",89,"MST-SX25",400,"MST_SJL",93210013,"Isefjordydre",55.8656666666667,11.7835111111111,105,"MST1031","MST1031_2021-03-17","MST1031::2021-03-17","MST1031STEX25_11","PHELD_NIFSO",NA,"Daphne",NA,"25_11",33.6,"MST1031","nej",1500,FALSE,17,3,2021,NA,NA,5,1,5,1
"139","H07",24,"MST1038","3uL","QtyorID","Unknown",24,0.1419,"27.67","2.269e+003",0.997,-3.256,"qpcr945","MONIS6","AssID03","Psefar","plt02","qpcrrundate20220728",2269,"Psefar","MST1038",27.67,"MST1038",NA,2.61,"2022-jan-06","2021-04-16","2021-04-14","2021-04-14","3",111,"MST-SX23",400,"MST_STORSTRoeM",95220322,"BFKarrebaeksmindeBugt",55.1395,11.5002361111111,121,"MST1038","MST1038_2021-04-14","MST1038::2021-04-14","MST1038STEX23_09","Alkri",NA,"DAPHNE",NA,"23_09",60.3,"MST1038","ja",1700,FALSE,14,4,2021,NA,NA,6,1,6,1
"140","H08",24,"MST1038","3uL","QtyorID","Unknown",24,0.1419,"27.72","2.178e+003",0.997,-3.256,"qpcr945","MONIS6","AssID03","Psefar","plt02","qpcrrundate20220728",2178,"Psefar","MST1038",27.72,"MST1038",NA,2.61,"2022-jan-06","2021-04-16","2021-04-14","2021-04-14","3",111,"MST-SX23",400,"MST_STORSTRoeM",95220322,"BFKarrebaeksmindeBugt",55.1395,11.5002361111111,121,"MST1038","MST1038_2021-04-14","MST1038::2021-04-14","MST1038STEX23_09","Alkri",NA,"DAPHNE",NA,"23_09",60.3,"MST1038","ja",1700,FALSE,14,4,2021,NA,NA,6,1,6,1
"141","H09",24,"MST1038","3uL","QtyorID","Unknown",24,0.1419,"27.78","2.093e+003",0.997,-3.256,"qpcr945","MONIS6","AssID03","Psefar","plt02","qpcrrundate20220728",2093,"Psefar","MST1038",27.78,"MST1038",NA,2.61,"2022-jan-06","2021-04-16","2021-04-14","2021-04-14","3",111,"MST-SX23",400,"MST_STORSTRoeM",95220322,"BFKarrebaeksmindeBugt",55.1395,11.5002361111111,121,"MST1038","MST1038_2021-04-14","MST1038::2021-04-14","MST1038STEX23_09","Alkri",NA,"DAPHNE",NA,"23_09",60.3,"MST1038","ja",1700,FALSE,14,4,2021,NA,NA,6,1,6,1
"142","H10",32,"MST2021-013","3uL","QtyorID","Unknown",32,0.1419,"NoCt","NoCt",0.997,-3.256,"qpcr945","MONIS6","AssID03","Psefar","plt02","qpcrrundate20220728",0,"Psefar","MST2021-013",0,"MST2021013",NA,9.55,"2021-dec-08","2021-09-10","2021-08-25","2021-08-25",NA,1,"MST-SX22",400,"Sjaelland",93220011,"ROS60",55.713,12.04,48,"MST2021013","MST2021013_2021-08-25","MST2021013::2021-08-25","MST2021013STEX22_06","EmilGuddalLarsen",NA,"Mergus","MST2021013STEX22_06","22_06",17.9,"MST2021013","nej",1600,TRUE,25,8,2021,NA,NA,16,1,16,0
"143","H11",32,"MST2021-013","3uL","QtyorID","Unknown",32,0.1419,"NoCt","NoCt",0.997,-3.256,"qpcr945","MONIS6","AssID03","Psefar","plt02","qpcrrundate20220728",0,"Psefar","MST2021-013",0,"MST2021013",NA,9.55,"2021-dec-08","2021-09-10","2021-08-25","2021-08-25",NA,1,"MST-SX22",400,"Sjaelland",93220011,"ROS60",55.713,12.04,48,"MST2021013","MST2021013_2021-08-25","MST2021013::2021-08-25","MST2021013STEX22_06","EmilGuddalLarsen",NA,"Mergus","MST2021013STEX22_06","22_06",17.9,"MST2021013","nej",1600,TRUE,25,8,2021,NA,NA,16,1,16,0
"144","H12",32,"MST2021-013","3uL","QtyorID","Unknown",32,0.1419,"NoCt","NoCt",0.997,-3.256,"qpcr945","MONIS6","AssID03","Psefar","plt02","qpcrrundate20220728",0,"Psefar","MST2021-013",0,"MST2021013",NA,9.55,"2021-dec-08","2021-09-10","2021-08-25","2021-08-25",NA,1,"MST-SX22",400,"Sjaelland",93220011,"ROS60",55.713,12.04,48,"MST2021013","MST2021013_2021-08-25","MST2021013::2021-08-25","MST2021013STEX22_06","EmilGuddalLarsen",NA,"Mergus","MST2021013STEX22_06","22_06",17.9,"MST2021013","nej",1600,TRUE,25,8,2021,NA,NA,16,1,16,0
