"C_d","d2","d98","C_q","q2","q98","Well","MST_sample_number","spcabbr","conc_copies_per_uL","Accepted_Droplets","Positives","Negatives","Tot_drop","init_concentration","ddpcrno","Bemaerkn","conc_qubit_ng_uL","Dato.for.ekstraktion","dato_80C","Dato_for_indsml","Dato_inds","Dyb_lagd01","Dyb_Str_m","Ekstraktionsnummer","Elueringvolumen.AE.buffer.uL","Inst","lokalitet_vanda","Lok_omr01","lok_pos_lat","lok_pos_lon","max_Dyb","MST.nummer","MST.n_Dinds","MSTno_di","MST_STEXno","Navn_Inds","Noter2","skib","smplNoSTEX","Sub_Nmb_for_extraction","Temp_Inds","U_Pr_Nr","vandsoejllagd","Vwf_mL","wdt","smpl_day","smpl_mnt","smpl_yea","Total_drop","Species","WellType","Conc","st_idx","species_idx","sp_st_idx","pres"
-2.24,-5.97,0.27,0.05,-2.63,2.14,"C04","MST1022","Bonham",0,17607,0,17607,17607,NA,"ddpcr0021",NA,0.428,"2021-dec-08","2021-05-20","2021-05-17","2021-05-17","9",1,"MST-SX22",400,"MSTOJL",94400007,"ARH1700006_94400007",56.1547333333333,10.3170055555556,162,"MST1022","MST1022_2021-05-17","MST1022::2021-05-17","MST1022STEX22_02","janeRobertsen",NA,"Frigg",NA,"22_02",10.9,"MST1022","ja",1100,FALSE,17,5,2021,17607,"Bonham","Unknown",0,1,1,1,0
-2.27,-5.99,0.25,0.02,-2.69,2.12,"G05","MST1024","Bonham",0,19024,0,19024,19024,NA,"ddpcr0021",NA,1,"2022-jan-06","2021-04-19","2021-04-15","2021-04-15",NA,5,"MST-SX23",400,"MSTMJL",93770056,"NissumBredning",56.6008333333333,8.400225,6,"MST1024","MST1024_2021-04-15","MST1024::2021-04-15","MST1024STEX23_14","JOCTH",NA,"Musling",NA,"23_14",69,"MST1024","nej",1500,FALSE,15,4,2021,19024,"Bonham","Unknown",0,2,1,2,0
-2.22,-5.92,0.28,0.03,-2.73,2.12,"H03","MST1027","Bonham",0,19280,0,19280,19280,NA,"ddpcr0021",NA,5.4,"2022-feb-01","2021-03-26","2021-03-19","2021-03-19","95",155,"MST-SX25",400,"MSTFYN",96510125,"Sydfynskeoehav_BF11",55.0262,10.3685111111111,165,"MST1027","MST1027_2021-03-19","MST1027::2021-03-19","MST1027STEX25_15","RasmusBillegrav",NA,"LivII",NA,"25_15",42,"MST1027","ja",1500,FALSE,19,3,2021,19280,"Bonham","Unknown",0,3,1,3,0
-2.28,-6.08,0.28,0.02,-2.69,2.09,"G03","MST1028","Bonham",0,18966,0,18966,18966,NA,"ddpcr0021",NA,7.15,"2022-jan-06","2021-03-26","2021-03-15","2021-03-15","17",282,"MST-SX23",400,"MSTSYD",95700008,"FFSB0011",54.8341666666667,9.81666666666667,292,"MST1028","MST1028_2021-03-15","MST1028::2021-03-15","MST1028STEX23_11","RasmusBillegrav",NA,"LivII",NA,"23_11",27.8,"MST1028","ja",1600,FALSE,15,3,2021,18966,"Bonham","Unknown",0,4,1,4,0
-2.23,-5.9,0.23,0.03,-2.68,2.12,"H05","MST1031","Bonham",0,19824,0,19824,19824,NA,"ddpcr0021",NA,17.5,"2022-feb-01","2021-03-26","2021-03-17","2021-03-17","Ingenlagdeling",89,"MST-SX25",400,"MST_SJL",93210013,"Isefjordydre",55.8656666666667,11.7835111111111,105,"MST1031","MST1031_2021-03-17","MST1031::2021-03-17","MST1031STEX25_11","PHELD_NIFSO",NA,"Daphne",NA,"25_11",33.6,"MST1031","nej",1500,FALSE,17,3,2021,19824,"Bonham","Unknown",0,5,1,5,0
-2.23,-5.97,0.26,0.02,-2.65,2.1,"H06","MST1038","Bonham",0,18915,0,18915,18915,NA,"ddpcr0021",NA,2.61,"2022-jan-06","2021-04-16","2021-04-14","2021-04-14","3",111,"MST-SX23",400,"MST_STORSTRoeM",95220322,"BFKarrebaeksmindeBugt",55.1395,11.5002361111111,121,"MST1038","MST1038_2021-04-14","MST1038::2021-04-14","MST1038STEX23_09","Alkri",NA,"DAPHNE",NA,"23_09",60.3,"MST1038","ja",1700,FALSE,14,4,2021,18915,"Bonham","Unknown",0,6,1,6,0
-2.24,-5.99,0.24,0.02,-2.7,2.14,"A02","MST1039","Bonham",0,20062,0,20062,20062,NA,"ddpcr0021",NA,13.6,"2022-feb-01","2021-05-03","2021-04-26","2021-04-26","na",1,"MST-SX25",400,"MST_MJL",91320001,"RKB1",56.0778333333333,8.21670555555556,32,"MST1039","MST1039_2021-04-26","MST1039::2021-04-26","MST1039STEX25_19","JettePoulsenEngholm",NA,"Penelope",NA,"25_19",95,"MST1039","nej",570,FALSE,26,4,2021,20062,"Bonham","Unknown",0,7,1,7,0
-2.26,-5.96,0.24,0.02,-2.69,2.08,"F05","MST1043","Bonham",0,19647,0,19647,19647,NA,"ddpcr0021",NA,3.06,"2022-jan-06","2021-04-12","2021-04-06","2021-04-06",NA,11,"MST-SX23",400,"MSTOJL",93500119,"Hevringbugt",56.6261666666667,10.3204,12,"MST1043","MST1043_2021-04-06","MST1043::2021-04-06","MST1043STEX23_02","JOCTH",NA,"Musling",NA,"23_02",64.3,"MST1043","nej",1500,FALSE,6,4,2021,19647,"Bonham","Unknown",0,8,1,8,0
-2.29,-6.11,0.26,0.02,-2.71,2.1,"B06","MST1054","Bonham",0,19446,0,19446,19446,NA,"ddpcr0021",NA,6.85,"2022-jan-11","2021-05-31","2021-05-18","2021-05-18","38m",1,"MST-SX24",400,"MST_FYN",99000052,"DMU444_Arkona",55,13.3,48,"MST1054","MST1054_2021-05-18","MST1054::2021-05-18","MST1054STEX24_23","ALKRI_NIFSO",NA,"Sif",NA,"24_23",92,"MST1054","ja",1400,FALSE,18,5,2021,19446,"Bonham","Unknown",0,9,1,9,0
-2.21,-6.03,0.31,0.01,-2.72,2.08,"G07","MST2021002","Bonham",0,16531,0,16531,16531,NA,"ddpcr0021",NA,5.4,"2021-dec-08","2021-07-08","2021-07-07","2021-07-07","_",57,"MST-SX22",400,"MSTSTO",96220363,"0101142EnoeNor",55.15755,11.6357944444444,67,"MST2021002","MST2021002_2021-07-07","MST2021002::2021-07-07","MST2021002STEX22_04","jakobOleLarsen",NA,"ABRA","MST2021002STEX22_04","22_04",20.4,"MST2021002","nej",1000,TRUE,7,7,2021,16531,"Bonham","Unknown",0,10,1,10,0
-2.23,-5.98,0.27,0.02,-2.68,2.11,"D03","MST2021005","Bonham",0,19107,0,19107,19107,NA,"ddpcr0021",NA,11.7,"2022-jan-11","2021-06-10","2021-06-01","2021-06-01",NA,1,"MST-SX24",400,"Sjaelland",93220011,"ROS60_322RoskildeFjord",55.713,12.04,48,"MST2021005","MST2021005_2021-06-01","MST2021005::2021-06-01","MST2021005STEX24_12","EmilGuddalLarsen",NA,"Mergus","MST2021005STEX24_12","24_12",17.1,"MST2021005","nej",1600,TRUE,1,6,2021,19107,"Bonham","Unknown",0,11,1,11,0
-2.12,-5.85,0.33,0.02,-2.68,2.12,"E07","MST2021006","Bonham",0,15723,0,15723,15723,NA,"ddpcr0021",NA,7.65,"2022-jan-11","2021-08-25","2021-08-24","2021-08-24","_",96,"MST-SX24",400,"MSTSTO",99210007,"1001027Hovedeskov",54.7410833333333,12.0851805555556,106,"MST2021006","MST2021006_2021-08-24","MST2021006::2021-08-24","MST2021006STEX24_13","NicolaiEspenhainAnker",NA,"ABRA","MST2021006STEX24_13","24_13",17.3,"MST2021006","nej",1400,TRUE,24,8,2021,15723,"Bonham","Unknown",0,12,1,12,0
-2.23,-6.16,0.28,0.05,-2.68,2.1,"C06","MST2021008","Bonham",0,18322,0,18322,18322,NA,"ddpcr0021",NA,9.1,"2022-jan-11","2021-05-31","2021-05-19","2021-05-19","86",1,"MST-SX24",400,"MST_SJL",97200002,"KBH431_Ven",55.8666666666667,12.75,55,"MST2021008","MST2021008_2021-05-19","MST2021008::2021-05-19","MST2021008STEX24_05","ALKRI_NIFSO",NA,"Sif","MST2021008STEX24_05","24_05",11.8,"MST2021008","ja",1300,FALSE,19,5,2021,18322,"Bonham","Unknown",0,13,1,13,0
-2.21,-6.04,0.35,0.03,-2.7,2.1,"F07","MST2021011","Bonham",0,15919,0,15919,15919,NA,"ddpcr0021",NA,4.23,"2021-dec-08","2021-08-03","2021-08-31","2021-08-31","_",4.1e+16,"MST-SX22",400,"MSTSTO",98210012,"0401011FemerenBaeltVest",54.73475,11.0846527777778,51,"MST2021011","MST2021011_2021-08-31","MST2021011::2021-08-31","MST2021011STEX22_05","NicolaiEspenhainAnker",NA,"ABRA","MST2021011STEX22_05","22_05",170.9,"MST2021011","nej",1500,TRUE,31,8,2021,15919,"Bonham","Unknown",0,14,1,14,0
-2.2,-6.01,0.29,0.03,-2.65,2.13,"A04","MST2021012","Bonham",0,17165,0,17165,17165,NA,"ddpcr0021",NA,11,"2022-feb-01","2021-05-03","2021-04-27","2021-04-27","na",59,"MST-SX25",400,"MSTSYD",95130028,"VejleFjordindre_VF",55.7021833333333,9.66136111111111,69,"MST2021012","MST2021012_2021-04-27","MST2021012::2021-04-27","MST2021012STEX25_12","KRISTIANMCGREGOR",NA,"LIVII","MST2021012STEX25_12","25_12",81.7,"MST2021012","nej",1500,TRUE,27,4,2021,17165,"Bonham","Unknown",0,15,1,15,0
-2.17,-6.01,0.29,0.02,-2.7,2.11,"H07","MST2021013","Bonham",0,17373,0,17373,17373,NA,"ddpcr0021",NA,9.55,"2021-dec-08","2021-09-10","2021-08-25","2021-08-25",NA,1,"MST-SX22",400,"Sjaelland",93220011,"ROS60",55.713,12.04,48,"MST2021013","MST2021013_2021-08-25","MST2021013::2021-08-25","MST2021013STEX22_06","EmilGuddalLarsen",NA,"Mergus","MST2021013STEX22_06","22_06",17.9,"MST2021013","nej",1600,TRUE,25,8,2021,17373,"Bonham","Unknown",0,16,1,16,0
-2.18,-5.77,0.23,0.02,-2.61,2.1,"B02","MST2021015","Bonham",0,19530,0,19530,19530,NA,"ddpcr0021",NA,5.4,"2021-nov-24","2021-09-08","2021-09-02","2021-09-02","na",1,"MST-SX21",400,"MST_MJL",91320001,"RKB1",56.0778333333333,8.21678611111111,32,"MST2021015","MST2021015_2021-09-02","MST2021015::2021-09-02","MST2021015STEX21_03","BentJensen",NA,"Penelope","MST2021015STEX21_03","21_03",17.5,"MST2021015","nej",925,TRUE,2,9,2021,19530,"Bonham","Unknown",0,17,1,17,0
-2.26,-5.99,0.26,0.04,-2.58,2.09,"D06","MST2021019","Bonham",0,19707,0,19707,19707,NA,"ddpcr0021",NA,3.86,"2022-jan-11","2021-05-31","2021-05-25","2021-05-25","11m",1,"MST-SX24",400,"MST_NJL",93000005,"NOR409_aalborgBugt",56.8566666666667,10.7834722222222,146,"MST2021019","MST2021019_2021-05-25","MST2021019::2021-05-25","MST2021019STEX24_21","ALKRI_NICRA",NA,"Sif","MST2021019STEX24_21","24_21",88,"MST2021019","ja",1650,TRUE,25,5,2021,19707,"Bonham","Unknown",0,18,1,18,0
-2.21,-5.93,0.23,0.01,-2.73,2.13,"E03","MST2021025","Bonham",0,19684,0,19684,19684,NA,"ddpcr0021","Datoforoverfoerseltil_80Cfryserenilaboratorieterikkedokumenteremenproevemersenestblevetoverfoertd15_06_2021ogmuligvisvedentidligeredato
",3.16,"2022-jan-11","2021-06-15","2021-06-10","2021-06-10",NA,28,"MST-SX24",400,"Sjaelland",99150002,"FranksRev",55.0334833333333,15.5078333333333,39,"MST2021025","MST2021025_2021-06-10","MST2021025::2021-06-10","MST2021025STEX24_02","EmilGuddalLarsen",NA,"Mergus","MST2021025STEX24_02","24_02",16.8,"MST2021025","nej",1750,TRUE,10,6,2021,19684,"Bonham","Unknown",0,19,1,19,0
-2.22,-6.08,0.23,0.04,-2.6,2.11,"C02","MST2021028","Bonham",0,19737,0,19737,19737,NA,"ddpcr0021","VandproeverneernedkoeletogtransporterettilAalborghvorfiltreringenskete",0.58,"2021-nov-24","2021-10-09","2021-09-27","2021-09-27",NA,NA,"MST-SX21",400,"Nordjylland",92200001,"HirtshalsNOR7715_92200001",57.6078333333333,9.90025555555555,18,"MST2021028","MST2021028_2021-09-27","MST2021028::2021-09-27","MST2021028STEX21_06","SvendaageBendtsen",NA,"MagretheGaardbo","MST2021028STEX21_06","21_06",15,"MST2021028","nej",1200,TRUE,27,9,2021,19737,"Bonham","Unknown",0,20,1,20,0
-2.11,-5.82,0.37,0,-2.69,2.08,"C07","MST2021029","Bonham",0,15203,0,15203,15203,NA,"ddpcr0021",NA,5.7,"2021-nov-24","2021-09-15","2021-09-07","2021-09-07","12",1,"MST-SX21",400,"MSTSJL",97200002,"KBH431",55.8616666666667,12.7336055555556,501,"MST2021029","MST2021029_2021-09-07","MST2021029::2021-09-07","MST2021029STEX21_07","alkri",NA,"Sif","MST2021029STEX21_07","21_07",17.1,"MST2021029","ja",1800,TRUE,7,9,2021,15203,"Bonham","Unknown",0,21,1,21,0
-2.22,-6.03,0.26,0.04,-2.66,2.11,"E06","MST2021030","Bonham",0,19178,0,19178,19178,NA,"ddpcr0021",NA,4.07,"2021-nov-24","2021-05-31","2021-05-26","2021-05-26","N_A",1,"MST-SX21",400,"MST_MJL",93740007,"SkiveFjord",56.6208333333333,9.06681944444444,5,"MST2021030","MST2021030_2021-05-26","MST2021030::2021-05-26","MST2021030STEX21_08","PHELD_NICRA",NA,"Sif","MST2021030STEX21_08","21_08",115.9,"MST2021030","nej",1600,TRUE,26,5,2021,19178,"Bonham","Unknown",0,22,1,22,0
-2.24,-6.09,0.24,0,-2.8,2.16,"D02","MST2021031","Bonham",0,19543,0,19543,19543,NA,"ddpcr0021","ErudtagetmedLindahlslangesomdybdeintegredetproeverfra0_10metersammenmedplanktonproeverneogsaaprofilmaalingerchlAogvandkemi",0.97,"2021-nov-24","2021-07-03","2021-06-17","2021-06-17",NA,4,"MST-SX21",400,"Nordjylland",92200001,"HirtshalsNOR7715_92200001",57.6078333333333,9.90025555555555,15,"MST2021031","MST2021031_2021-06-17","MST2021031::2021-06-17","MST2021031STEX21_09","SvendaageBendtsen",NA,"MagretheGaardbo","MST2021031STEX21_09","21_09",14,"MST2021031","nej",1200,FALSE,17,6,2021,19543,"Bonham","Unknown",0,23,1,23,0
-2.23,-6,0.27,0.02,-2.62,2.14,"E02","MST2021032","Bonham",0,19582,0,19582,19582,NA,"ddpcr0021","erudtagetmedNiskinvandhenter",3.28,"2022-jan-11","2021-07-03","2021-06-23","2021-06-23",NA,3,"MST-SX24",400,"Nordjylland",93920064,"KragskovRevSyd",57.5407666666667,10.4687805555556,4,"MST2021032","MST2021032_2021-06-23","MST2021032::2021-06-23","MST2021032STEX24_11","SvendaageBendtsen",NA,"Pingo","MST2021032STEX24_11","24_11",15.7,"MST2021032","nej",1400,FALSE,23,6,2021,19582,"Bonham","Unknown",0,24,1,24,0
-2.22,-5.84,0.23,0.02,-2.77,2.13,"A06","MST2021039","Bonham",0,20588,0,20588,20588,NA,"ddpcr0021",NA,2.72,"2021-dec-08","2021-05-20","2021-05-07","2021-05-07","7m",1,"MST-SX22",400,"MST_NJL",93610032,"MariagerFjord",56.6626666666667,9.96678333333333,27,"MST2021039","MST2021039_2021-05-07","MST2021039::2021-05-07","MST2021039STEX22_08","PHELD_ALKRI",NA,"Sif","MST2021039STEX22_08","22_08",92.8,"MST2021039","ja",1800,FALSE,7,5,2021,20588,"Bonham","Unknown",0,25,1,25,0
-2.28,-6.11,0.24,0.02,-2.62,2.13,"F02","MST2021040","Bonham",0,19194,0,19194,19194,NA,"ddpcr0021",NA,4.92,"2021-dec-08","2021-09-22","2021-09-15","2021-09-15",NA,95,"MST-SX22",400,"MSToestjylland",93420310,"Tr3Fornaes",56.4437333333333,10.9524027777778,11,"MST2021040","MST2021040_2021-09-15","MST2021040::2021-09-15","MST2021040STEX22_09","JensDeding",NA,"Havana","MST2021040STEX22_09","22_09",15.7,"MST2021040","?",1270,FALSE,15,9,2021,19194,"Bonham","Unknown",0,26,1,26,0
-2.23,-6.02,0.33,0.01,-2.7,2.1,"A07","MST2021043","Bonham",0,16102,0,16102,16102,NA,"ddpcr0021","Dererkunenproevetilraadighed_proeve2erbortkommet",4.41,"2021-dec-08","2021-05-20","2021-05-17","2021-05-17","4",1,"MST-SX22",400,"MSTSJL",93000001,"VSJ20925",56.1316666666667,11.1513361111111,48,"MST2021043","MST2021043_2021-05-17","MST2021043::2021-05-17","MST2021043STEX22_10","alkri_nifso",NA,"Sif","MST2021043STEX22_10","22_10",10.6,"MST2021043","ja",1500,FALSE,17,5,2021,16102,"Bonham","Unknown",0,27,1,27,0
-2.26,-6.19,0.28,0.04,-2.68,2.1,"H02","MST2021044","Bonham",0,19581,0,19581,19581,NA,"ddpcr0021","RIB1510007",2.62,"2021-dec-08","2021-05-20","2021-05-19","2021-05-19",NA,1,"MST-SX22",400,"Sydjylland",91500007,"Soenderhooest",55.3375166666667,8.35012777777778,55,"MST2021044","MST2021044_2021-05-19","MST2021044::2021-05-19","MST2021044STEX22_11","LasseoerstedJensen",NA,"Haig","MST2021044STEX22_11","22_11",11,"MST2021044","nej",1200,FALSE,19,5,2021,19581,"Bonham","Unknown",0,28,1,28,0
-2.26,-5.99,0.25,0,-2.73,2.12,"A03","MST2021049","Bonham",0,19791,0,19791,19791,NA,"ddpcr0021","LISD0027",7.75,"2022-jan-06","2021-05-21","2021-05-21","2021-05-21",NA,10,"MST-SX23",400,"Sydjylland",91650035,"ListerDyb",55.0938666666667,8.56828611111111,11,"MST2021049","MST2021049_2021-05-21","MST2021049::2021-05-21","MST2021049STEX23_10","LasseoerstedJensen",NA,"Fucus","MST2021049STEX23_10","23_10",11,"MST2021049","nej",500,FALSE,21,5,2021,19791,"Bonham","Unknown",0,29,1,29,0
-2.2,-6.07,0.31,0.03,-2.67,2.11,"G04","MST2021051","Bonham",0,16657,0,16657,16657,NA,"ddpcr0021",NA,22.5,"2022-feb-01","2021-06-10","2021-06-04","2021-06-04",NA,1,"MST-SX25",400,"MSTNJL",93730002,"93730002_VIB3708_1",56.9543333333333,9.07075,7,"MST2021051","MST2021051_2021-06-04","MST2021051::2021-06-04","MST2021051STEX25_16","RasmusBillegrav",NA,"Frigg","MST2021051STEX25_16","25_16",150.8,"MST2021051","nej",1700,FALSE,4,6,2021,16657,"Bonham","Unknown",0,30,1,30,0
-2.22,-5.97,0.27,0.03,-2.72,2.12,"B03","MST2021052","Bonham",0,18968,0,18968,18968,NA,"ddpcr0021",NA,8.95,"2021-nov-24","2021-06-15","2021-06-14","2021-06-14","26",1,"MST-SX21",400,"Fyn",94230001,"FYN6900017",55.4678333333333,10.5169333333333,84,"MST2021052","MST2021052_2021-06-14","MST2021052::2021-06-14","MST2021052STEX21_10","FlemmingNoergaard",NA,"Belone","MST2021052STEX21_10","21_10",17.8,"MST2021052","ja",610,FALSE,14,6,2021,18968,"Bonham","Unknown",0,31,1,31,0
-2.25,-5.99,0.28,0.01,-2.67,2.07,"F06","MST2021055","Bonham",0,19077,0,19077,19077,NA,"ddpcr0021",NA,5.3,"2021-nov-24","2021-09-15","2021-09-14","2021-09-14","24",1,"MST-SX21",400,"STO",99000049,"99000049",55.25,15.9833333333333,909,"MST2021055","MST2021055_2021-09-14","MST2021055::2021-09-14","MST2021055STEX21_12","krmsk",NA,"sif","MST2021055STEX21_12","21_12",169.3,"MST2021055","ja",1500,FALSE,14,9,2021,19077,"Bonham","Unknown",0,32,1,32,0
-2.25,-6,0.21,0.01,-2.68,2.11,"A05","MST2021058","Bonham",0,20267,0,20267,20267,NA,"ddpcr0021",NA,3.7,"2021-nov-24","2021-09-03","2021-08-30","2021-08-30","17",1,"MST-SX21",400,"MSTOJL",94300001,"94300001_VEJ0006870",55.6743833333333,10.0845083333333,194,"MST2021058","MST2021058_2021-08-30","MST2021058::2021-08-30","MST2021058STEX21_13","KRISTIANMCGREGOR",NA,"Frigg","MST2021058STEX21_13","21_13",100.7,"MST2021058","ja",1500,FALSE,30,8,2021,20267,"Bonham","Unknown",0,33,1,33,0
-2.22,-6.02,0.27,0.03,-2.69,2.12,"F04","MST2021062","Bonham",0,18249,0,18249,18249,NA,"ddpcr0021",NA,19,"2022-feb-01","2021-05-21","2021-05-21","2021-05-21","12",1,"MST-SX25",400,"MSTFYN",95600002,"95600002_FYN6300043",54.9975833333333,10.1654166666667,361,"MST2021062","MST2021062_2021-05-21","MST2021062::2021-05-21","MST2021062STEX25_10","janeRobertsen",NA,"Frigg","MST2021062STEX25_10","25_10",112.2,"MST2021062","ja",1400,FALSE,21,5,2021,18249,"Bonham","Unknown",0,34,1,34,0
-0.02,-1.34,0.79,0.02,-2.63,2.13,"B05","MST2021064","Bonham",0.0581303238868713,20239,1,20238,20239,NA,"ddpcr0021","Breddegrad:56572400",2.96,"2021-nov-24","2021-09-08","2021-09-02","2021-09-02","na",1,"MST-SX21",400,"MSTNJL",93730002,"93730002_VIB3708_1",56.954,9.05020833333333,76,"MST2021064","MST2021064_2021-09-02","MST2021064::2021-09-02","MST2021064STEX21_15","kristianmcgregor",NA,"Frigg","MST2021064STEX21_15","21_15",173.7,"MST2021064","nej",700,FALSE,2,9,2021,20239,"Bonham","Unknown",0.0581303238868713,35,1,35,1
-2.24,-6.01,0.26,0.02,-2.64,2.12,"E05","MST2021070","Bonham",0,18388,0,18388,18388,NA,"ddpcr0021",NA,9.1,"2022-jan-11","2021-10-27","2021-10-26","2021-10-26","86",1,"MST-SX24",400,"MSTNJL",93610032,"93610032",56.6626666666667,9.96678333333333,28,"MST2021070","MST2021070_2021-10-26","MST2021070::2021-10-26","MST2021070STEX24_16","RasmusBillegrav",NA,"Frigg","MST2021070STEX24_16","24_16",107.4,"MST2021070","ja",1200,FALSE,26,10,2021,18388,"Bonham","Unknown",0,36,1,36,0
-2.23,-6.16,0.29,0.03,-2.66,2.11,"C03","MST2021071","Bonham",0,16085,0,16085,16085,NA,"ddpcr0021",NA,6.5,"2022-jan-11","2021-10-21","2021-10-13","2021-10-13",NA,1,"MST-SX24",400,"Fyn",94230001,"FYN6900017",55.4678333333333,10.5169333333333,98,"MST2021071","MST2021071_2021-10-13","MST2021071::2021-10-13","MST2021071STEX24_04","FlemmingNoergaard&PauliJoergensen",NA,"Belone","MST2021071STEX24_04","24_04",11.4,"MST2021071","nej",1500,FALSE,13,10,2021,16085,"Bonham","Unknown",0,37,1,37,0
-2.23,-6.15,0.3,0.26,-2.37,2.26,"B04","MST2021075","Bonham",0,18066,0,18066,18066,NA,"ddpcr0021",NA,4.86,"2021-dec-08","2021-05-20","2021-05-11","2021-05-11","13",1,"MST-SX22",400,"MSTOJL",94300001,"VEJ0006870_94300001",55.6743833333333,10.0845083333333,21,"MST2021075","MST2021075_2021-05-11","MST2021075::2021-05-11","MST2021075STEX22_13","janeRobertsen",NA,"Frigg","MST2021075STEX22_13","22_13",98.1,"MST2021075","ja",1100,FALSE,11,5,2021,18066,"Bonham","Unknown",0,38,1,38,0
-2.18,-5.96,0.32,0.03,-2.69,2.13,"B07","MST2021076","Bonham",0,15997,0,15997,15997,NA,"ddpcr0021",NA,7.4,"2022-feb-01","2021-09-08","2021-09-02","2021-09-02","42",1,"MST-SX25",400,"MSTFYN",99000052,"DMU444",54.9996666666667,13.3,457,"MST2021076","MST2021076_2021-09-02","MST2021076::2021-09-02","MST2021076STEX25_04","alkri",NA,"Sif","MST2021076STEX25_04","25_04",17.5,"MST2021076","ja",1800,FALSE,2,9,2021,15997,"Bonham","Unknown",0,39,1,39,0
-2.29,-6.24,0.3,0.02,-2.67,2.09,"C05","MST2021079","Bonham",0,19024,0,19024,19024,NA,"ddpcr0021",NA,7.6,"2021-nov-24","2021-09-08","2021-09-06","2021-09-06","2",1,"MST-SX21",400,"MSTMJL",93740007,"93740007_VIB3727_1",56.6208333333333,9.06681944444444,51,"MST2021079","MST2021079_2021-09-06","MST2021079::2021-09-06","MST2021079STEX21_21","RasmusBillegrav",NA,"Frigg","MST2021079STEX21_21","21_21",173.5,"MST2021079","ja",1100,FALSE,6,9,2021,19024,"Bonham","Unknown",0,40,1,40,0
-2.25,-6.14,0.26,0.02,-2.69,2.12,"G02","MST2021081","Bonham",0,19387,0,19387,19387,NA,"ddpcr0021","RIB1510007",3.54,"2021-nov-24","2021-09-21","2021-09-20","2021-09-20",NA,1,"MST-SX21",400,"Sydjylland",91500007,"Soenderhooest",55.3375166666667,8.35012777777778,63,"MST2021081","MST2021081_2021-09-20","MST2021081::2021-09-20","MST2021081STEX21_22","LasseoerstedJensen",NA,"Haig","MST2021081STEX21_22","21_22",16,"MST2021081","nej",1300,FALSE,20,9,2021,19387,"Bonham","Unknown",0,41,1,41,0
-2.21,-6.03,0.26,0.01,-2.72,2.1,"D05","MST2021082","Bonham",0,17937,0,17937,17937,NA,"ddpcr0021",NA,4.09,"2021-nov-24","2021-09-08","2021-09-07","2021-09-07","4",1,"MST-SX21",400,"MSTNJL",93000005,"93000005_NOR409",56.8561,10.7845083333333,146,"MST2021082","MST2021082_2021-09-07","MST2021082::2021-09-07","MST2021082STEX21_23","RasmusBillegrav",NA,"Frigg","MST2021082STEX21_23","21_23",160.3,"MST2021082","ja",1500,FALSE,7,9,2021,17937,"Bonham","Unknown",0,42,1,42,0
-2.21,-6.12,0.4,0.01,-2.72,2.1,"D07","MST2021083","Bonham",0,13738,0,13738,13738,NA,"ddpcr0021",NA,7.8,"2022-jan-11","2021-10-29","2021-10-22","2021-10-22","12",1,"MST-SX24",400,"MSTFYN",95600002,"FYN6300043",54.9976833333333,10.1517305555556,34,"MST2021083","MST2021083_2021-10-22","MST2021083::2021-10-22","MST2021083STEX24_03","alkri",NA,"Sif","MST2021083STEX24_03","24_03",12.5,"MST2021083","ja",1500,FALSE,22,10,2021,13738,"Bonham","Unknown",0,43,1,43,0
-2.25,-6.08,0.23,0,-2.76,2.14,"G06","MST2021085","Bonham",0,19611,0,19611,19611,NA,"ddpcr0021",NA,3.26,"2021-nov-24","2021-09-22","2021-09-16","2021-09-16","8.8E+016",1,"MST-SX21",400,"SJL",93000001,"93000001",56.1305,11.1501055555556,439,"MST2021085","MST2021085_2021-09-16","MST2021085::2021-09-16","MST2021085STEX21_24","krmsk",NA,"sif","MST2021085STEX21_24","21_24",173.2,"MST2021085","ja",1700,FALSE,16,9,2021,19611,"Bonham","Unknown",0,44,1,44,0
0.46,-0.36,1.04,0.81,-1.92,3.01,"E04","MST2021088","Bonham",0.134546041488647,17489,2,17487,17489,NA,"ddpcr0021",NA,16.5,"2022-feb-01","2021-05-21","2021-05-20","2021-05-20","75",188,"MST-SX25",400,"MSTFYN",96700057,"KertemindeBugt",55.4392166666667,10.8276944444444,198,"MST2021088","MST2021088_2021-05-20","MST2021088::2021-05-20","MST2021088STEX25_03","janeRobertsen",NA,"Frigg","MST2021088STEX25_03","25_03",73.7,"MST2021088","ja",1600,FALSE,20,5,2021,17489,"Bonham","Unknown",0.134546041488647,45,1,45,1
-2.2,-5.96,0.29,0.02,-2.7,2.12,"D04","MST2021089","Bonham",0,17516,0,17516,17516,NA,"ddpcr0021",NA,5.7,"2022-jan-06","2021-05-20","2021-05-17","2021-05-17","75",13,"MST-SX23",400,"MSTOJL",94510035,"EbeltoftVig",56.2094,10.6003444444444,14,"MST2021089","MST2021089_2021-05-17","MST2021089::2021-05-17","MST2021089STEX23_06","janeRobertsen",NA,"Frigg","MST2021089STEX23_06","23_06",77.3,"MST2021089","ja",1400,FALSE,17,5,2021,17516,"Bonham","Unknown",0,46,1,46,0
-2.25,-6.16,0.3,0.03,-2.71,2.15,"H04","MST2021099","Bonham",0,18015,0,18015,18015,NA,"ddpcr0021",NA,5.4,"2022-jan-11","2021-08-25","2021-08-24","2021-08-24","3",1,"MST-SX24",400,"MSTOJL",94400007,"94400007_ARH170006",56.1544166666667,10.3166972222222,16,"MST2021099","MST2021099_2021-08-24","MST2021099::2021-08-24","MST2021099STEX24_19","RasmusBillegrav",NA,"Frigg","MST2021099STEX24_19","24_19",175.1,"MST2021099","ja",1500,FALSE,24,8,2021,18015,"Bonham","Unknown",0,47,1,47,0
-2.25,-6,0.25,0.02,-2.73,2.1,"F03","NEKfeb2022","Bonham",0,19459,0,19459,19459,NA,"ddpcr0021",NA,NA,NA,NA,NA,NA,NA,NA,NA,NA,NA,NA,NA,NA,NA,NA,NA,NA,NA,NA,NA,NA,NA,NA,NA,NA,NA,NA,NA,NA,NA,NA,NA,19459,"Bonham","Unknown",0,48,1,48,0
-2.24,-6.07,0.26,0.23,-2.45,2.35,"C04","MST1022","Calsap",0,17913,0,17913,17913,NA,"ddpcr0022",NA,0.428,"2021-dec-08","2021-05-20","2021-05-17","2021-05-17","9",1,"MST-SX22",400,"MSTOJL",94400007,"ARH1700006_94400007",56.1547333333333,10.3170055555556,162,"MST1022","MST1022_2021-05-17","MST1022::2021-05-17","MST1022STEX22_02","janeRobertsen",NA,"Frigg",NA,"22_02",10.9,"MST1022","ja",1100,FALSE,17,5,2021,17913,"Calsap","Unknown",0,1,2,49,0
-2.28,-6.09,0.29,0.25,-2.4,2.32,"G05","MST1024","Calsap",0,18371,0,18371,18371,NA,"ddpcr0022",NA,1,"2022-jan-06","2021-04-19","2021-04-15","2021-04-15",NA,5,"MST-SX23",400,"MSTMJL",93770056,"NissumBredning",56.6008333333333,8.400225,6,"MST1024","MST1024_2021-04-15","MST1024::2021-04-15","MST1024STEX23_14","JOCTH",NA,"Musling",NA,"23_14",69,"MST1024","nej",1500,FALSE,15,4,2021,18371,"Calsap","Unknown",0,2,2,50,0
-2.21,-6.03,0.27,0.24,-2.46,2.3,"H03","MST1027","Calsap",0,18440,0,18440,18440,NA,"ddpcr0022",NA,5.4,"2022-feb-01","2021-03-26","2021-03-19","2021-03-19","95",155,"MST-SX25",400,"MSTFYN",96510125,"Sydfynskeoehav_BF11",55.0262,10.3685111111111,165,"MST1027","MST1027_2021-03-19","MST1027::2021-03-19","MST1027STEX25_15","RasmusBillegrav",NA,"LivII",NA,"25_15",42,"MST1027","ja",1500,FALSE,19,3,2021,18440,"Calsap","Unknown",0,3,2,51,0
-2.28,-6.07,0.25,0.25,-2.45,2.35,"G03","MST1028","Calsap",0,18204,0,18204,18204,NA,"ddpcr0022",NA,7.15,"2022-jan-06","2021-03-26","2021-03-15","2021-03-15","17",282,"MST-SX23",400,"MSTSYD",95700008,"FFSB0011",54.8341666666667,9.81666666666667,292,"MST1028","MST1028_2021-03-15","MST1028::2021-03-15","MST1028STEX23_11","RasmusBillegrav",NA,"LivII",NA,"23_11",27.8,"MST1028","ja",1600,FALSE,15,3,2021,18204,"Calsap","Unknown",0,4,2,52,0
-2.2,-5.99,0.31,0.25,-2.44,2.34,"H05","MST1031","Calsap",0,16123,0,16123,16123,NA,"ddpcr0022",NA,17.5,"2022-feb-01","2021-03-26","2021-03-17","2021-03-17","Ingenlagdeling",89,"MST-SX25",400,"MST_SJL",93210013,"Isefjordydre",55.8656666666667,11.7835111111111,105,"MST1031","MST1031_2021-03-17","MST1031::2021-03-17","MST1031STEX25_11","PHELD_NIFSO",NA,"Daphne",NA,"25_11",33.6,"MST1031","nej",1500,FALSE,17,3,2021,16123,"Calsap","Unknown",0,5,2,53,0
-2.19,-6.08,0.31,0.24,-2.46,2.29,"H06","MST1038","Calsap",0,16834,0,16834,16834,NA,"ddpcr0022",NA,2.61,"2022-jan-06","2021-04-16","2021-04-14","2021-04-14","3",111,"MST-SX23",400,"MST_STORSTRoeM",95220322,"BFKarrebaeksmindeBugt",55.1395,11.5002361111111,121,"MST1038","MST1038_2021-04-14","MST1038::2021-04-14","MST1038STEX23_09","Alkri",NA,"DAPHNE",NA,"23_09",60.3,"MST1038","ja",1700,FALSE,14,4,2021,16834,"Calsap","Unknown",0,6,2,54,0
-2.13,-6.02,0.45,0.26,-2.35,2.34,"A02","MST1039","Calsap",0,11972,0,11972,11972,NA,"ddpcr0022",NA,13.6,"2022-feb-01","2021-05-03","2021-04-26","2021-04-26","na",1,"MST-SX25",400,"MST_MJL",91320001,"RKB1",56.0778333333333,8.21670555555556,32,"MST1039","MST1039_2021-04-26","MST1039::2021-04-26","MST1039STEX25_19","JettePoulsenEngholm",NA,"Penelope",NA,"25_19",95,"MST1039","nej",570,FALSE,26,4,2021,11972,"Calsap","Unknown",0,7,2,55,0
-2.24,-6.01,0.27,0.21,-2.44,2.36,"F05","MST1043","Calsap",0,17526,0,17526,17526,NA,"ddpcr0022",NA,3.06,"2022-jan-06","2021-04-12","2021-04-06","2021-04-06",NA,11,"MST-SX23",400,"MSTOJL",93500119,"Hevringbugt",56.6261666666667,10.3204,12,"MST1043","MST1043_2021-04-06","MST1043::2021-04-06","MST1043STEX23_02","JOCTH",NA,"Musling",NA,"23_02",64.3,"MST1043","nej",1500,FALSE,6,4,2021,17526,"Calsap","Unknown",0,8,2,56,0
-2.25,-6.12,0.31,0.23,-2.43,2.34,"B06","MST1054","Calsap",0,16660,0,16660,16660,NA,"ddpcr0022",NA,6.85,"2022-jan-11","2021-05-31","2021-05-18","2021-05-18","38m",1,"MST-SX24",400,"MST_FYN",99000052,"DMU444_Arkona",55,13.3,48,"MST1054","MST1054_2021-05-18","MST1054::2021-05-18","MST1054STEX24_23","ALKRI_NIFSO",NA,"Sif",NA,"24_23",92,"MST1054","ja",1400,FALSE,18,5,2021,16660,"Calsap","Unknown",0,9,2,57,0
-2.19,-6.17,0.34,0.27,-2.4,2.33,"G07","MST2021002","Calsap",0,15444,0,15444,15444,NA,"ddpcr0022",NA,5.4,"2021-dec-08","2021-07-08","2021-07-07","2021-07-07","_",57,"MST-SX22",400,"MSTSTO",96220363,"0101142EnoeNor",55.15755,11.6357944444444,67,"MST2021002","MST2021002_2021-07-07","MST2021002::2021-07-07","MST2021002STEX22_04","jakobOleLarsen",NA,"ABRA","MST2021002STEX22_04","22_04",20.4,"MST2021002","nej",1000,TRUE,7,7,2021,15444,"Calsap","Unknown",0,10,2,58,0
-2.22,-6.06,0.27,0.25,-2.46,2.34,"D03","MST2021005","Calsap",0,17929,0,17929,17929,NA,"ddpcr0022",NA,11.7,"2022-jan-11","2021-06-10","2021-06-01","2021-06-01",NA,1,"MST-SX24",400,"Sjaelland",93220011,"ROS60_322RoskildeFjord",55.713,12.04,48,"MST2021005","MST2021005_2021-06-01","MST2021005::2021-06-01","MST2021005STEX24_12","EmilGuddalLarsen",NA,"Mergus","MST2021005STEX24_12","24_12",17.1,"MST2021005","nej",1600,TRUE,1,6,2021,17929,"Calsap","Unknown",0,11,2,59,0
-2.21,-6.06,0.38,0.27,-2.32,2.31,"E07","MST2021006","Calsap",0,13905,0,13905,13905,NA,"ddpcr0022",NA,7.65,"2022-jan-11","2021-08-25","2021-08-24","2021-08-24","_",96,"MST-SX24",400,"MSTSTO",99210007,"1001027Hovedeskov",54.7410833333333,12.0851805555556,106,"MST2021006","MST2021006_2021-08-24","MST2021006::2021-08-24","MST2021006STEX24_13","NicolaiEspenhainAnker",NA,"ABRA","MST2021006STEX24_13","24_13",17.3,"MST2021006","nej",1400,TRUE,24,8,2021,13905,"Calsap","Unknown",0,12,2,60,0
-2.23,-6.09,0.31,0.25,-2.46,2.36,"C06","MST2021008","Calsap",0,16482,0,16482,16482,NA,"ddpcr0022",NA,9.1,"2022-jan-11","2021-05-31","2021-05-19","2021-05-19","86",1,"MST-SX24",400,"MST_SJL",97200002,"KBH431_Ven",55.8666666666667,12.75,55,"MST2021008","MST2021008_2021-05-19","MST2021008::2021-05-19","MST2021008STEX24_05","ALKRI_NIFSO",NA,"Sif","MST2021008STEX24_05","24_05",11.8,"MST2021008","ja",1300,FALSE,19,5,2021,16482,"Calsap","Unknown",0,13,2,61,0
-2.18,-5.98,0.35,0.27,-2.32,2.3,"F07","MST2021011","Calsap",0,14593,0,14593,14593,NA,"ddpcr0022",NA,4.23,"2021-dec-08","2021-08-03","2021-08-31","2021-08-31","_",4.1e+16,"MST-SX22",400,"MSTSTO",98210012,"0401011FemerenBaeltVest",54.73475,11.0846527777778,51,"MST2021011","MST2021011_2021-08-31","MST2021011::2021-08-31","MST2021011STEX22_05","NicolaiEspenhainAnker",NA,"ABRA","MST2021011STEX22_05","22_05",170.9,"MST2021011","nej",1500,TRUE,31,8,2021,14593,"Calsap","Unknown",0,14,2,62,0
-2.25,-6.07,0.33,0.26,-2.32,2.3,"A04","MST2021012","Calsap",0,16494,0,16494,16494,NA,"ddpcr0022",NA,11,"2022-feb-01","2021-05-03","2021-04-27","2021-04-27","na",59,"MST-SX25",400,"MSTSYD",95130028,"VejleFjordindre_VF",55.7021833333333,9.66136111111111,69,"MST2021012","MST2021012_2021-04-27","MST2021012::2021-04-27","MST2021012STEX25_12","KRISTIANMCGREGOR",NA,"LIVII","MST2021012STEX25_12","25_12",81.7,"MST2021012","nej",1500,TRUE,27,4,2021,16494,"Calsap","Unknown",0,15,2,63,0
-2.23,-6.08,0.32,0.24,-2.48,2.34,"H07","MST2021013","Calsap",0,15001,0,15001,15001,NA,"ddpcr0022",NA,9.55,"2021-dec-08","2021-09-10","2021-08-25","2021-08-25",NA,1,"MST-SX22",400,"Sjaelland",93220011,"ROS60",55.713,12.04,48,"MST2021013","MST2021013_2021-08-25","MST2021013::2021-08-25","MST2021013STEX22_06","EmilGuddalLarsen",NA,"Mergus","MST2021013STEX22_06","22_06",17.9,"MST2021013","nej",1600,TRUE,25,8,2021,15001,"Calsap","Unknown",0,16,2,64,0
-2.2,-6.02,0.39,0.25,-2.35,2.32,"B02","MST2021015","Calsap",0,13311,0,13311,13311,NA,"ddpcr0022",NA,5.4,"2021-nov-24","2021-09-08","2021-09-02","2021-09-02","na",1,"MST-SX21",400,"MST_MJL",91320001,"RKB1",56.0778333333333,8.21678611111111,32,"MST2021015","MST2021015_2021-09-02","MST2021015::2021-09-02","MST2021015STEX21_03","BentJensen",NA,"Penelope","MST2021015STEX21_03","21_03",17.5,"MST2021015","nej",925,TRUE,2,9,2021,13311,"Calsap","Unknown",0,17,2,65,0
0.47,-0.35,1.08,0.25,-2.37,2.34,"D06","MST2021019","Calsap",0.144113510847092,16328,2,16326,16328,NA,"ddpcr0022",NA,3.86,"2022-jan-11","2021-05-31","2021-05-25","2021-05-25","11m",1,"MST-SX24",400,"MST_NJL",93000005,"NOR409_aalborgBugt",56.8566666666667,10.7834722222222,146,"MST2021019","MST2021019_2021-05-25","MST2021019::2021-05-25","MST2021019STEX24_21","ALKRI_NICRA",NA,"Sif","MST2021019STEX24_21","24_21",88,"MST2021019","ja",1650,TRUE,25,5,2021,16328,"Calsap","Unknown",0.144113510847092,18,2,66,1
-2.22,-6.03,0.27,0.24,-2.48,2.35,"E03","MST2021025","Calsap",0,17407,0,17407,17407,NA,"ddpcr0022","Datoforoverfoerseltil_80Cfryserenilaboratorieterikkedokumenteremenproevemersenestblevetoverfoertd15_06_2021ogmuligvisvedentidligeredato
",3.16,"2022-jan-11","2021-06-15","2021-06-10","2021-06-10",NA,28,"MST-SX24",400,"Sjaelland",99150002,"FranksRev",55.0334833333333,15.5078333333333,39,"MST2021025","MST2021025_2021-06-10","MST2021025::2021-06-10","MST2021025STEX24_02","EmilGuddalLarsen",NA,"Mergus","MST2021025STEX24_02","24_02",16.8,"MST2021025","nej",1750,TRUE,10,6,2021,17407,"Calsap","Unknown",0,19,2,67,0
-2.13,-5.87,0.36,0.23,-2.46,2.34,"C02","MST2021028","Calsap",0,14562,0,14562,14562,NA,"ddpcr0022","VandproeverneernedkoeletogtransporterettilAalborghvorfiltreringenskete",0.58,"2021-nov-24","2021-10-09","2021-09-27","2021-09-27",NA,NA,"MST-SX21",400,"Nordjylland",92200001,"HirtshalsNOR7715_92200001",57.6078333333333,9.90025555555555,18,"MST2021028","MST2021028_2021-09-27","MST2021028::2021-09-27","MST2021028STEX21_06","SvendaageBendtsen",NA,"MagretheGaardbo","MST2021028STEX21_06","21_06",15,"MST2021028","nej",1200,TRUE,27,9,2021,14562,"Calsap","Unknown",0,20,2,68,0
-2.08,-5.78,0.38,0.25,-2.42,2.31,"C07","MST2021029","Calsap",0,13465,0,13465,13465,NA,"ddpcr0022",NA,5.7,"2021-nov-24","2021-09-15","2021-09-07","2021-09-07","12",1,"MST-SX21",400,"MSTSJL",97200002,"KBH431",55.8616666666667,12.7336055555556,501,"MST2021029","MST2021029_2021-09-07","MST2021029::2021-09-07","MST2021029STEX21_07","alkri",NA,"Sif","MST2021029STEX21_07","21_07",17.1,"MST2021029","ja",1800,TRUE,7,9,2021,13465,"Calsap","Unknown",0,21,2,69,0
-2.2,-6.05,0.32,0.24,-2.45,2.34,"E06","MST2021030","Calsap",0,16544,0,16544,16544,NA,"ddpcr0022",NA,4.07,"2021-nov-24","2021-05-31","2021-05-26","2021-05-26","N_A",1,"MST-SX21",400,"MST_MJL",93740007,"SkiveFjord",56.6208333333333,9.06681944444444,5,"MST2021030","MST2021030_2021-05-26","MST2021030::2021-05-26","MST2021030STEX21_08","PHELD_NICRA",NA,"Sif","MST2021030STEX21_08","21_08",115.9,"MST2021030","nej",1600,TRUE,26,5,2021,16544,"Calsap","Unknown",0,22,2,70,0
-2.15,-6.16,0.43,0.24,-2.32,2.28,"D02","MST2021031","Calsap",0,12544,0,12544,12544,NA,"ddpcr0022","ErudtagetmedLindahlslangesomdybdeintegredetproeverfra0_10metersammenmedplanktonproeverneogsaaprofilmaalingerchlAogvandkemi",0.97,"2021-nov-24","2021-07-03","2021-06-17","2021-06-17",NA,4,"MST-SX21",400,"Nordjylland",92200001,"HirtshalsNOR7715_92200001",57.6078333333333,9.90025555555555,15,"MST2021031","MST2021031_2021-06-17","MST2021031::2021-06-17","MST2021031STEX21_09","SvendaageBendtsen",NA,"MagretheGaardbo","MST2021031STEX21_09","21_09",14,"MST2021031","nej",1200,FALSE,17,6,2021,12544,"Calsap","Unknown",0,23,2,71,0
-2.17,-6.13,0.35,0.25,-2.44,2.33,"E02","MST2021032","Calsap",0,14269,0,14269,14269,NA,"ddpcr0022","erudtagetmedNiskinvandhenter",3.28,"2022-jan-11","2021-07-03","2021-06-23","2021-06-23",NA,3,"MST-SX24",400,"Nordjylland",93920064,"KragskovRevSyd",57.5407666666667,10.4687805555556,4,"MST2021032","MST2021032_2021-06-23","MST2021032::2021-06-23","MST2021032STEX24_11","SvendaageBendtsen",NA,"Pingo","MST2021032STEX24_11","24_11",15.7,"MST2021032","nej",1400,FALSE,23,6,2021,14269,"Calsap","Unknown",0,24,2,72,0
-2.22,-6.11,0.26,0.31,-2.35,2.43,"A06","MST2021039","Calsap",0,18131,0,18131,18131,NA,"ddpcr0022",NA,2.72,"2021-dec-08","2021-05-20","2021-05-07","2021-05-07","7m",1,"MST-SX22",400,"MST_NJL",93610032,"MariagerFjord",56.6626666666667,9.96678333333333,27,"MST2021039","MST2021039_2021-05-07","MST2021039::2021-05-07","MST2021039STEX22_08","PHELD_ALKRI",NA,"Sif","MST2021039STEX22_08","22_08",92.8,"MST2021039","ja",1800,FALSE,7,5,2021,18131,"Calsap","Unknown",0,25,2,73,0
-2.15,-5.91,0.39,0.24,-2.46,2.28,"F02","MST2021040","Calsap",0,13297,0,13297,13297,NA,"ddpcr0022",NA,4.92,"2021-dec-08","2021-09-22","2021-09-15","2021-09-15",NA,95,"MST-SX22",400,"MSToestjylland",93420310,"Tr3Fornaes",56.4437333333333,10.9524027777778,11,"MST2021040","MST2021040_2021-09-15","MST2021040::2021-09-15","MST2021040STEX22_09","JensDeding",NA,"Havana","MST2021040STEX22_09","22_09",15.7,"MST2021040","?",1270,FALSE,15,9,2021,13297,"Calsap","Unknown",0,26,2,74,0
-2.24,-5.93,0.31,0.23,-2.42,2.36,"A07","MST2021043","Calsap",0,16734,0,16734,16734,NA,"ddpcr0022","Dererkunenproevetilraadighed_proeve2erbortkommet",4.41,"2021-dec-08","2021-05-20","2021-05-17","2021-05-17","4",1,"MST-SX22",400,"MSTSJL",93000001,"VSJ20925",56.1316666666667,11.1513361111111,48,"MST2021043","MST2021043_2021-05-17","MST2021043::2021-05-17","MST2021043STEX22_10","alkri_nifso",NA,"Sif","MST2021043STEX22_10","22_10",10.6,"MST2021043","ja",1500,FALSE,17,5,2021,16734,"Calsap","Unknown",0,27,2,75,0
-2.09,-5.86,0.45,0.26,-2.4,2.32,"H02","MST2021044","Calsap",0,11320,0,11320,11320,NA,"ddpcr0022","RIB1510007",2.62,"2021-dec-08","2021-05-20","2021-05-19","2021-05-19",NA,1,"MST-SX22",400,"Sydjylland",91500007,"Soenderhooest",55.3375166666667,8.35012777777778,55,"MST2021044","MST2021044_2021-05-19","MST2021044::2021-05-19","MST2021044STEX22_11","LasseoerstedJensen",NA,"Haig","MST2021044STEX22_11","22_11",11,"MST2021044","nej",1200,FALSE,19,5,2021,11320,"Calsap","Unknown",0,28,2,76,0
-2.29,-6.03,0.26,0.26,-2.33,2.34,"A03","MST2021049","Calsap",0,18865,0,18865,18865,NA,"ddpcr0022","LISD0027",7.75,"2022-jan-06","2021-05-21","2021-05-21","2021-05-21",NA,10,"MST-SX23",400,"Sydjylland",91650035,"ListerDyb",55.0938666666667,8.56828611111111,11,"MST2021049","MST2021049_2021-05-21","MST2021049::2021-05-21","MST2021049STEX23_10","LasseoerstedJensen",NA,"Fucus","MST2021049STEX23_10","23_10",11,"MST2021049","nej",500,FALSE,21,5,2021,18865,"Calsap","Unknown",0,29,2,77,0
-2.23,-5.98,0.26,0.26,-2.33,2.26,"G04","MST2021051","Calsap",0,18248,0,18248,18248,NA,"ddpcr0022",NA,22.5,"2022-feb-01","2021-06-10","2021-06-04","2021-06-04",NA,1,"MST-SX25",400,"MSTNJL",93730002,"93730002_VIB3708_1",56.9543333333333,9.07075,7,"MST2021051","MST2021051_2021-06-04","MST2021051::2021-06-04","MST2021051STEX25_16","RasmusBillegrav",NA,"Frigg","MST2021051STEX25_16","25_16",150.8,"MST2021051","nej",1700,FALSE,4,6,2021,18248,"Calsap","Unknown",0,30,2,78,0
-2.25,-6.17,0.28,0.24,-2.47,2.3,"B03","MST2021052","Calsap",0,17900,0,17900,17900,NA,"ddpcr0022",NA,8.95,"2021-nov-24","2021-06-15","2021-06-14","2021-06-14","26",1,"MST-SX21",400,"Fyn",94230001,"FYN6900017",55.4678333333333,10.5169333333333,84,"MST2021052","MST2021052_2021-06-14","MST2021052::2021-06-14","MST2021052STEX21_10","FlemmingNoergaard",NA,"Belone","MST2021052STEX21_10","21_10",17.8,"MST2021052","ja",610,FALSE,14,6,2021,17900,"Calsap","Unknown",0,31,2,79,0
-2.29,-6.1,0.28,0.26,-2.42,2.34,"F06","MST2021055","Calsap",0,18105,0,18105,18105,NA,"ddpcr0022",NA,5.3,"2021-nov-24","2021-09-15","2021-09-14","2021-09-14","24",1,"MST-SX21",400,"STO",99000049,"99000049",55.25,15.9833333333333,909,"MST2021055","MST2021055_2021-09-14","MST2021055::2021-09-14","MST2021055STEX21_12","krmsk",NA,"sif","MST2021055STEX21_12","21_12",169.3,"MST2021055","ja",1500,FALSE,14,9,2021,18105,"Calsap","Unknown",0,32,2,80,0
-2.27,-6.03,0.23,0.24,-2.38,2.31,"A05","MST2021058","Calsap",0,18649,0,18649,18649,NA,"ddpcr0022",NA,3.7,"2021-nov-24","2021-09-03","2021-08-30","2021-08-30","17",1,"MST-SX21",400,"MSTOJL",94300001,"94300001_VEJ0006870",55.6743833333333,10.0845083333333,194,"MST2021058","MST2021058_2021-08-30","MST2021058::2021-08-30","MST2021058STEX21_13","KRISTIANMCGREGOR",NA,"Frigg","MST2021058STEX21_13","21_13",100.7,"MST2021058","ja",1500,FALSE,30,8,2021,18649,"Calsap","Unknown",0,33,2,81,0
-2.23,-5.94,0.25,0.24,-2.42,2.31,"F04","MST2021062","Calsap",0,17845,0,17845,17845,NA,"ddpcr0022",NA,19,"2022-feb-01","2021-05-21","2021-05-21","2021-05-21","12",1,"MST-SX25",400,"MSTFYN",95600002,"95600002_FYN6300043",54.9975833333333,10.1654166666667,361,"MST2021062","MST2021062_2021-05-21","MST2021062::2021-05-21","MST2021062STEX25_10","janeRobertsen",NA,"Frigg","MST2021062STEX25_10","25_10",112.2,"MST2021062","ja",1400,FALSE,21,5,2021,17845,"Calsap","Unknown",0,34,2,82,0
-2.28,-6.09,0.23,0.26,-2.39,2.3,"B05","MST2021064","Calsap",0,18778,0,18778,18778,NA,"ddpcr0022","Breddegrad:56572400",2.96,"2021-nov-24","2021-09-08","2021-09-02","2021-09-02","na",1,"MST-SX21",400,"MSTNJL",93730002,"93730002_VIB3708_1",56.954,9.05020833333333,76,"MST2021064","MST2021064_2021-09-02","MST2021064::2021-09-02","MST2021064STEX21_15","kristianmcgregor",NA,"Frigg","MST2021064STEX21_15","21_15",173.7,"MST2021064","nej",700,FALSE,2,9,2021,18778,"Calsap","Unknown",0,35,2,83,0
-2.26,-6.08,0.25,0.26,-2.37,2.3,"E05","MST2021070","Calsap",0,17856,0,17856,17856,NA,"ddpcr0022",NA,9.1,"2022-jan-11","2021-10-27","2021-10-26","2021-10-26","86",1,"MST-SX24",400,"MSTNJL",93610032,"93610032",56.6626666666667,9.96678333333333,28,"MST2021070","MST2021070_2021-10-26","MST2021070::2021-10-26","MST2021070STEX24_16","RasmusBillegrav",NA,"Frigg","MST2021070STEX24_16","24_16",107.4,"MST2021070","ja",1200,FALSE,26,10,2021,17856,"Calsap","Unknown",0,36,2,84,0
-2.24,-6.02,0.23,0.25,-2.45,2.33,"C03","MST2021071","Calsap",0,18932,0,18932,18932,NA,"ddpcr0022",NA,6.5,"2022-jan-11","2021-10-21","2021-10-13","2021-10-13",NA,1,"MST-SX24",400,"Fyn",94230001,"FYN6900017",55.4678333333333,10.5169333333333,98,"MST2021071","MST2021071_2021-10-13","MST2021071::2021-10-13","MST2021071STEX24_04","FlemmingNoergaard&PauliJoergensen",NA,"Belone","MST2021071STEX24_04","24_04",11.4,"MST2021071","nej",1500,FALSE,13,10,2021,18932,"Calsap","Unknown",0,37,2,85,0
-2.2,-5.87,0.25,0.23,-2.41,2.31,"B04","MST2021075","Calsap",0,18616,0,18616,18616,NA,"ddpcr0022",NA,4.86,"2021-dec-08","2021-05-20","2021-05-11","2021-05-11","13",1,"MST-SX22",400,"MSTOJL",94300001,"VEJ0006870_94300001",55.6743833333333,10.0845083333333,21,"MST2021075","MST2021075_2021-05-11","MST2021075::2021-05-11","MST2021075STEX22_13","janeRobertsen",NA,"Frigg","MST2021075STEX22_13","22_13",98.1,"MST2021075","ja",1100,FALSE,11,5,2021,18616,"Calsap","Unknown",0,38,2,86,0
-2.23,-6.11,0.35,0.25,-2.38,2.32,"B07","MST2021076","Calsap",0,14940,0,14940,14940,NA,"ddpcr0022",NA,7.4,"2022-feb-01","2021-09-08","2021-09-02","2021-09-02","42",1,"MST-SX25",400,"MSTFYN",99000052,"DMU444",54.9996666666667,13.3,457,"MST2021076","MST2021076_2021-09-02","MST2021076::2021-09-02","MST2021076STEX25_04","alkri",NA,"Sif","MST2021076STEX25_04","25_04",17.5,"MST2021076","ja",1800,FALSE,2,9,2021,14940,"Calsap","Unknown",0,39,2,87,0
0.1,-1.21,0.93,0.25,-2.42,2.35,"C05","MST2021079","Calsap",0.0791889429092407,14857,1,14856,14857,NA,"ddpcr0022",NA,7.6,"2021-nov-24","2021-09-08","2021-09-06","2021-09-06","2",1,"MST-SX21",400,"MSTMJL",93740007,"93740007_VIB3727_1",56.6208333333333,9.06681944444444,51,"MST2021079","MST2021079_2021-09-06","MST2021079::2021-09-06","MST2021079STEX21_21","RasmusBillegrav",NA,"Frigg","MST2021079STEX21_21","21_21",173.5,"MST2021079","ja",1100,FALSE,6,9,2021,14857,"Calsap","Unknown",0.0791889429092407,40,2,88,1
-2.15,-6.04,0.43,0.23,-2.44,2.32,"G02","MST2021081","Calsap",0,12699,0,12699,12699,NA,"ddpcr0022","RIB1510007",3.54,"2021-nov-24","2021-09-21","2021-09-20","2021-09-20",NA,1,"MST-SX21",400,"Sydjylland",91500007,"Soenderhooest",55.3375166666667,8.35012777777778,63,"MST2021081","MST2021081_2021-09-20","MST2021081::2021-09-20","MST2021081STEX21_22","LasseoerstedJensen",NA,"Haig","MST2021081STEX21_22","21_22",16,"MST2021081","nej",1300,FALSE,20,9,2021,12699,"Calsap","Unknown",0,41,2,89,0
-2.25,-6.19,0.26,0.23,-2.53,2.36,"D05","MST2021082","Calsap",0,17941,0,17941,17941,NA,"ddpcr0022",NA,4.09,"2021-nov-24","2021-09-08","2021-09-07","2021-09-07","4",1,"MST-SX21",400,"MSTNJL",93000005,"93000005_NOR409",56.8561,10.7845083333333,146,"MST2021082","MST2021082_2021-09-07","MST2021082::2021-09-07","MST2021082STEX21_23","RasmusBillegrav",NA,"Frigg","MST2021082STEX21_23","21_23",160.3,"MST2021082","ja",1500,FALSE,7,9,2021,17941,"Calsap","Unknown",0,42,2,90,0
-2.13,-5.94,0.4,0.23,-2.49,2.35,"D07","MST2021083","Calsap",0,13321,0,13321,13321,NA,"ddpcr0022",NA,7.8,"2022-jan-11","2021-10-29","2021-10-22","2021-10-22","12",1,"MST-SX24",400,"MSTFYN",95600002,"FYN6300043",54.9976833333333,10.1517305555556,34,"MST2021083","MST2021083_2021-10-22","MST2021083::2021-10-22","MST2021083STEX24_03","alkri",NA,"Sif","MST2021083STEX24_03","24_03",12.5,"MST2021083","ja",1500,FALSE,22,10,2021,13321,"Calsap","Unknown",0,43,2,91,0
-2.22,-6,0.32,0.26,-2.38,2.34,"G06","MST2021085","Calsap",0,16193,0,16193,16193,NA,"ddpcr0022",NA,3.26,"2021-nov-24","2021-09-22","2021-09-16","2021-09-16","8.8E+016",1,"MST-SX21",400,"SJL",93000001,"93000001",56.1305,11.1501055555556,439,"MST2021085","MST2021085_2021-09-16","MST2021085::2021-09-16","MST2021085STEX21_24","krmsk",NA,"sif","MST2021085STEX21_24","21_24",173.2,"MST2021085","ja",1700,FALSE,16,9,2021,16193,"Calsap","Unknown",0,44,2,92,0
-2.26,-6.06,0.25,0.23,-2.46,2.32,"E04","MST2021088","Calsap",0,18422,0,18422,18422,NA,"ddpcr0022",NA,16.5,"2022-feb-01","2021-05-21","2021-05-20","2021-05-20","75",188,"MST-SX25",400,"MSTFYN",96700057,"KertemindeBugt",55.4392166666667,10.8276944444444,198,"MST2021088","MST2021088_2021-05-20","MST2021088::2021-05-20","MST2021088STEX25_03","janeRobertsen",NA,"Frigg","MST2021088STEX25_03","25_03",73.7,"MST2021088","ja",1600,FALSE,20,5,2021,18422,"Calsap","Unknown",0,45,2,93,0
-2.24,-6.02,0.26,0.25,-2.43,2.32,"D04","MST2021089","Calsap",0,18720,0,18720,18720,NA,"ddpcr0022",NA,5.7,"2022-jan-06","2021-05-20","2021-05-17","2021-05-17","75",13,"MST-SX23",400,"MSTOJL",94510035,"EbeltoftVig",56.2094,10.6003444444444,14,"MST2021089","MST2021089_2021-05-17","MST2021089::2021-05-17","MST2021089STEX23_06","janeRobertsen",NA,"Frigg","MST2021089STEX23_06","23_06",77.3,"MST2021089","ja",1400,FALSE,17,5,2021,18720,"Calsap","Unknown",0,46,2,94,0
-2.16,-6.01,0.37,0.25,-2.41,2.32,"H04","MST2021099","Calsap",0,13301,0,13301,13301,NA,"ddpcr0022",NA,5.4,"2022-jan-11","2021-08-25","2021-08-24","2021-08-24","3",1,"MST-SX24",400,"MSTOJL",94400007,"94400007_ARH170006",56.1544166666667,10.3166972222222,16,"MST2021099","MST2021099_2021-08-24","MST2021099::2021-08-24","MST2021099STEX24_19","RasmusBillegrav",NA,"Frigg","MST2021099STEX24_19","24_19",175.1,"MST2021099","ja",1500,FALSE,24,8,2021,13301,"Calsap","Unknown",0,47,2,95,0
-2.25,-6.1,0.29,0.23,-2.47,2.35,"F03","NEKfeb2022","Calsap",0,17016,0,17016,17016,NA,"ddpcr0022",NA,NA,NA,NA,NA,NA,NA,NA,NA,NA,NA,NA,NA,NA,NA,NA,NA,NA,NA,NA,NA,NA,NA,NA,NA,NA,NA,NA,NA,NA,NA,NA,NA,17016,"Calsap","Unknown",0,48,2,96,0
